StockCode,Avg_Elasticity
10125,-0.4395348837209303
10133,-1.0556478405315617
10135,-0.6150221085568787
11001,-1.4720381831709952
15036,-3.7579545454545475
15039,-4.205729166666667
15044A,-2.0431220657276983
15044B,-5.9287499999999955
15044C,-5.992499999999995
15044D,-4.752797259748967
15056BL,-2.766165395964652
15056N,-4.139228298039647
15056P,-2.836933318399045
15058A,-4.687499999999999
15058B,-4.499999999999999
15058C,-2.1729166666666666
15060B,-4.5362446245017845
16008,-3.846153846153846
16014,-0.64
16015,-1.8333333333333335
16016,0.7948717948717954
16048,-1.5
16052,-0.0
16156S,-3.8993055555555567
16207B,-0.0
16216,-0.24615384615384617
16219,-2.844444444444444
16225,-1.531903479888933
16235,-1.1
16236,-2.4
16237,-4.077777777777778
16238,0.5516483516483516
16244B,-0.08620689655172414
16254,-0.6659544159544161
16258A,-0.6180171811483739
17003,-1.6971726190476188
17011F,-4.344827586206897
17012A,-0.233739837398374
17012B,-1.4780657181571815
17012C,-1.809773035230352
17012E,-4.726829268292683
17012F,-0.2425474254742547
17013D,-3.329268292682927
17014A,-2.851880081300813
17021,-2.3333333333333335
17084N,0.0
17084R,0.0
17090A,-2.065972222222222
17091A,-0.45178799489144317
17091J,-2.39957223092999
17096,-3.6875000000000027
17109D,0.7740458015267175
17129F,-2.513467328282143
18094C,-3.0078124999999996
18097C,-2.8211805555555554
18098C,-6.1770833333333295
20615,-0.5621630506245892
20616,-2.080439814814815
20617,-0.45357910475656477
20618,-3.4349593495934942
20619,-0.5040772085163381
20622,-1.4395042908762417
20652,-0.7579201101928376
20653,-0.9469696969696969
20654,-3.0994152046783654
20655,-2.729810062345949
20657,-2.2445991010584323
20659,0.6368908748204093
20661,-2.9953051643192485
20662,0.0
20663,0.0
20665,-6.609374999999996
20670,-1.2790492957746478
20674,-3.9101110213550436
20675,-4.66519649099793
20676,-4.635758050726706
20677,-4.057058448318918
20679,-2.903278691404877
20682,-2.4031274281274277
20685,-5.037317789652693
20686,-1.3814102564102564
20704,-2.2556249999999998
20705,0.35062499999999996
20707,-0.4826429595568355
20711,-4.679603168817281
20712,-4.286511802236366
20713,-4.552558856731775
20716,-5.467368421052636
20717,-2.6280228722633048
20718,-3.9185611662514686
20719,-3.8337045984318703
20723,-3.745504869807194
20724,-4.151632636910414
20725,-4.848971218944336
20726,-5.02911397849462
20727,-6.013333333333332
20728,-5.281566561588214
20733,-2.492307692307692
20735,-4.984615384615384
20749,-4.025845333575033
20750,-3.8320543260594278
20751,-3.406334688346882
20754,-3.7212059620596185
20757,-2.452991452991453
20761,1.0080862533692723
20762,0.0
20763,-0.5651954177897575
20764,-2.01078167115903
20765,0.4032345013477089
20766,-0.7215886118598384
20767,-0.23795648795648794
20768,-2.2037037037037046
20769,-1.5290456431535269
20770,-3.8888888888888906
20771,0.0
20772,-1.4675052410901472
20780,-1.5376984126984128
20781,-0.0
20782,0.0
20794,0.0
20801,-0.9573469065656566
20802,-4.405318428184281
20803,-0.28455284552845533
20818,-5.999999999999999
20819,-3.3952156334231804
20828,-4.034722222222223
20829,-1.2325533661740553
20831,-2.604880376093836
20832,0.3542254846602674
20837,-0.0
20838,0.0
20839,-1.8945810564663024
20840,-0.3193306010928962
20846,-3.413473684210529
20854,-7.168539325842693
20866,-0.6508771929824566
20867,0.0
20868,-2.123988877654196
20886,-5.334999999999998
20893,-4.537037037037039
20902,-6.3593749999999964
20914,-4.145680807999404
20931,-4.30295138888889
20932,3.5156250000000013
20933,-4.687500000000002
20936,-1.2529342723004688
20956,-2.6643709825528012
20961,0.5395740623013351
20963,-1.4333677685950414
20969,-3.712570227834904
20970,-3.6472038981100554
20971,-1.681867407013607
20972,-0.40504735239922574
20973,-1.0727120535714287
20974,-4.075
20975,-7.2583333333333355
20982,-5.4230769230769225
20983,-5.3076923076923075
20985,-2.749434536755113
20986,-0.827871055048089
20992,-4.966197299077733
20996,-2.4213811663879596
20998,-9.833333333333329
21012,-3.5065210027100253
21014,-2.125
21015,-4.553571428571429
21025,-1.455493692909962
21026,-2.7580208786428897
21027,-2.7894736842105288
21028,-2.1586649992750484
21030,-4.0661157024793395
21031,-0.46487603305785125
21032,-1.1456611570247934
21033,-4.410258877716774
21035,-3.1200051282051287
21038,-1.3657407407407407
21039,-1.6587037037037038
21040,-0.0
21043,0.7437499999999999
21051,-0.8620689655172415
21056,-7.7512500000000015
21058,-1.3625356125356127
21063,-0.7719017094017095
21064,-0.0
21065,-1.668195921985816
21066,-5.180451127819554
21067,-5.562261632341728
21068,-0.8206627680311899
21069,-4.649122807017548
21070,-1.9115070159328547
21071,-1.0150072150072158
21078,-3.8465823706208324
21080,-4.391630591630591
21084,-1.352743271221532
21086,-0.2638079041140266
21087,0.8074534161490684
21088,-0.516594485960145
21089,-0.7065217391304348
21090,-0.16820330635548025
21094,-2.1980021893815005
21096,-0.7177508783487045
21098,0.2904697486505107
21106,-4.382812499999997
21107,-5.856093749999996
21108,-0.5553175754771872
21109,-2.3842968750000004
21110,-1.7047809193121697
21111,-2.7447303921568618
21112,-1.9074231095998642
21114,-1.6959547059472588
21115,-2.678818121189025
21116,-4.420024277438676
21122,-1.0165289256198349
21123,0.8874503968253966
21126,-5.962719298245618
21128,-3.7340624999999994
21129,-0.5032408607726212
21131,-7.166666666666668
21132,-0.0
21136,-3.2727272727272725
21137,-7.424179827453056
21147,-0.8912037037037046
21154,-0.28801743511671746
21155,-2.0512025510988168
21156,-2.515789394751365
21158,0.9575471698113208
21159,-1.1556603773584906
21162,0.9575471698113208
21163,0.8930817610062892
21164,-2.8592414529914496
21165,-4.957562402874901
21166,-4.292213992638139
21169,-4.878224206349206
21171,-5.781250000000003
21172,-3.5268325492104706
21174,-0.07683187859616249
21175,-3.1116137642614867
21179,0.7267441860465117
21181,-5.6079322123718205
21187,-6.64583333333333
21188,-6.808593749999996
21190,-7.111590909090906
21191,-4.11832655826558
21192,-6.73645833333333
21195,-1.365145780768152
21197,-3.788871951219511
21198,-2.0953106852497094
21199,-2.3600794530672577
21200,-2.673020833333333
21201,-4.238888888888891
21202,-0.48750000000000004
21206,-3.52530303030303
21207,-6.058449074074073
21208,-6.795758928571428
21209,-4.251666666666666
21210,-4.6702363236961455
21211,-6.087239583333336
21212,-0.5645321939964795
21213,-2.9230769230769216
21216,-4.3230026579991145
21217,-7.871649305555548
21218,-4.505390440272892
21219,-0.9644628099173556
21220,-1.0637913223140498
21221,0.6194903581267217
21222,-0.8913567493112949
21224,-5.9394736842105305
21231,-2.8344310697623603
21232,-3.2248145874070193
21238,-3.186378205128204
21239,-4.324977106227105
21240,-3.248520710059171
21242,-5.659221420940169
21243,-5.506727430555552
21244,-5.3997395833333295
21245,-4.351736111111109
21246,-5.818452380952379
21249,-5.347916666666664
21250,-6.1979166666666625
21253,-0.0
21257,-6.684548611111111
21258,-5.05124445611578
21259,-3.8694168312486292
21260,-5.251736111111109
21272,-0.8368421052631586
21284,-3.4948463473315834
21285,-0.560344827586207
21286,-0.8171768707482994
21287,-4.910600255427842
21288,-5.2239583333333295
21292,-6.4393939393939394
21293,0.0
21294,0.36337209302325585
21306,-3.480662983425414
21307,-3.480662983425414
21311,-1.160220994475138
21313,-2.000107735401853
21314,-5.0046051197004395
21316,0.8535879629629629
21317,-2.681666666666668
21319,-6.64583333333333
21320,-1.251272264631044
21326,-3.6666666666666705
21328,-1.2062282229965153
21329,-1.735137195121951
21332,-0.0
21340,-3.2147021806911167
21348,-6.109374999999996
21351,-6.172092013888891
21352,-4.6324698464912295
21354,-1.8079166666666666
21355,-1.4609374999999998
21356,-0.05449815559733742
21359,0.41111111111111115
21361,-5.74537037037037
21367,0.9554013262074423
21368,6.374999999999998
21369,-2.9999999999999996
21370,0.3266882516188714
21371,-1.4166666666666667
21372,0.07454004329004327
21374,-0.4895833333333333
21375,-0.0
21376,-1.2976190476190474
21377,-0.0
21378,-0.0
21379,-0.0
21380,-3.2187395204560687
21382,1.1174242424242424
21385,-0.923254985754986
21386,-0.8585858585858587
21390,-1.150641583297086
21391,-4.666666666666667
21392,-1.2280701754385965
21393,-0.0
21394,-2.2935147849462365
21397,-0.0
21398,-8.596491228070175
21399,-4.912280701754386
21400,-3.1694444444444443
21401,-1.4
21402,-1.4
21403,1.05
21407,-3.5625000000000013
21408,-0.36875028196825993
21411,-2.315499264831846
21415,-1.6030534351145038
21417,-1.6030534351145038
21418,0.4829545454545455
21420,-3.9634146341463414
21422,-0.9956883394383397
21424,-5.135416666666663
21425,-6.109374999999996
21426,-6.475000000000002
21428,-6.106011587366695
21429,-5.241369047619045
21430,-7.673922180857538
21441,-3.1675213675213674
21442,-3.5831390831390824
21452,-5.7773437499999964
21462,-0.0
21463,-4.585747848731885
21464,-5.000000000000002
21465,-1.2580862533692723
21466,-0.9599073620300039
21467,-0.16846361185983827
21468,-0.5026954177897575
21469,0.0
21470,-0.559748427672956
21471,-3.4570312500000004
21479,-6.62137896825397
21481,-5.903888039133784
21484,-4.500700989415226
21485,-4.293432127849926
21494,0.05944187951860582
21498,-3.451388888888889
21499,-3.1041666666666674
21500,-4.171296296296297
21504,-5.035714285714284
21506,-5.166666666666664
21507,-2.676360225140712
21508,-3.960897768552153
21509,-3.1936585365853656
21519,-4.833333333333332
21520,-4.999999999999998
21523,-4.487308807000105
21524,-4.747642749287748
21527,-5.4296875
21528,-2.8097222222222213
21530,0.2276234567901234
21531,-3.5889814814814835
21533,-5.189373897707229
21534,-4.890873015873013
21535,-4.398611111111113
21537,-6.796875000000002
21539,-4.125039682539681
21544,-2.809895833333333
21556,-4.687500000000001
21557,-0.5877021387584768
21558,-4.2636363636363654
21559,-2.8932855526216548
21561,-3.3509943138158915
21562,-4.370175438596495
21563,-5.0259976525821575
21564,-2.0541666666666654
21576,-2.918357933579336
21584,0.0
21586,-1.597222222222223
21587,-4.569444444444446
21588,-1.9138888888888896
21592,-0.0
21609,-5.943359374999996
21613,-5.976562499999996
21615,-1.7968749999999998
21616,-1.848958333333333
21617,-2.8604166666666675
21618,-1.6249999999999998
21619,-2.0729166666666665
21620,-1.663194444444444
21621,-3.355047619047621
21622,-5.565476190476187
21623,-4.837248891893927
21624,-3.1762500000000005
21625,-2.7803822346022895
21629,-6.291666666666668
21630,-7.787500000000006
21631,-0.3366477272727273
21633,-0.4114583333333333
21634,-0.0
21636,0.9444444444444446
21640,-4.846153846153846
21641,-2.6538461538461537
21643,-5.614035087719302
21648,-4.649122807017548
21650,-2.876245471014493
21651,-6.444444444444442
21654,-1.367924528301887
21658,-4.739862351190474
21664,-9.220486111111116
21668,-2.907772904483432
21669,-2.556990570677267
21670,-2.9319413986354785
21671,-2.4717653508771944
21672,-2.533891547049443
21673,-3.7672514619883066
21675,-1.510363247863248
21676,-0.877849002849003
21677,-1.8026709401709404
21679,-3.692307692307692
21682,-0.37050898203592814
21684,-0.13198757763975155
21694,-6.308593749999996
21698,-1.847826086956522
21703,-2.6804369918699176
21704,-2.802164279173207
21705,-1.0508278053247564
21706,-2.7372270764593254
21707,-3.5941866267465064
21708,-4.6741071428571415
21709,-1.2589107499287135
21710,-2.0825759195893916
21711,-0.9404761904761892
21713,-7.0916666666666694
21715,-4.024305555555557
21716,-2.9386598086675892
21717,-3.749131944444446
21718,-0.5082644628099174
21730,-3.710903589646103
21731,-0.46777608401084003
21733,-4.448031084305171
21735,-2.924603174603175
21736,-2.456140350877193
21739,1.042124542124542
21743,-5.5781249999999964
21744,-0.702736875800256
21745,-7.165210665993641
21746,-3.1417297979798007
21747,-4.583881578947371
21749,-6.639880952380954
21754,-6.529398800482344
21755,-5.42914823828547
21756,-1.5412198912198933
21770,-4.795628440089517
21773,-2.877961847389559
21774,-2.065177376171354
21775,-0.3795180722891566
21786,-0.9931300813008128
21787,-0.1053266178266179
21788,0.0
21789,-0.9027777777777778
21790,-2.697887851338808
21791,-2.090798193575973
21792,-3.586607142857143
21793,-1.6269531250000004
21794,-1.357916157916158
21804,-2.0868055555555562
21808,-1.4999999999999998
21809,-2.2801320700545507
21810,-0.6210378767280421
21811,-2.3380303464818675
21812,-1.7876984126984115
21813,-4.649943310657594
21817,-4.804347826086957
21818,0.3912772513315992
21819,-0.7009426491494214
21820,-5.294427598083262
21821,-8.631944444444448
21822,-1.817061518725002
21829,-2.854444444444444
21830,-1.0030487804878048
21832,-0.7449695121951219
21843,-6.806291871264893
21844,-3.7492559523809503
21845,-6.070601851851849
21846,-0.5142185017719658
21849,0.0
21850,-5.902777777777775
21851,-1.488023952095809
21864,-3.445455058717252
21865,-0.6869918699186989
21866,-0.6622411588701284
21867,-0.577352472089315
21868,-3.394963085552771
21870,-5.423976608187139
21871,-2.80845685816698
21872,-1.7465283152734787
21873,-1.5154977190373835
21874,-2.3200360541183476
21875,-2.002646654995883
21876,-1.7026298071455992
21877,-2.2259615071911094
21878,-2.974358974358974
21879,-1.5382081686429514
21880,0.19947101449275337
21881,-0.7740714039238884
21882,-1.4692028985507248
21883,-1.0242034104611746
21884,-0.6373792270531401
21888,-3.628321139776666
21889,-0.8665588693256678
21890,-1.32828173466953
21891,-2.3437500000000013
21892,-0.7000517951870319
21894,1.3057851239669422
21899,-0.187213332302618
21900,-0.45202326962531053
21901,-0.06174777603349032
21902,-0.778826530612245
21903,-0.4182068357355715
21905,-1.603908413469482
21906,-6.740234375000002
21907,-3.044578544061303
21908,-1.3116338374601606
21912,-2.9500658475628
21913,-1.9618055555555567
21914,-0.3307506783487645
21915,0.10326469141939647
21916,-0.71602787456446
21917,-1.2571138211382114
21918,-1.8151031894934329
21922,-5.491916099773245
21926,-5.4394736842105305
21927,-5.4394736842105305
21928,-4.411884825493304
21929,-4.407778861415967
21930,-4.898161869478482
21931,-4.657148804858931
21932,-1.2652190170940165
21933,-0.3149396327951881
21934,-4.766874999999998
21935,-5.254374999999999
21936,-4.733883595691795
21937,-5.641874999999996
21942,-7.391304347826088
21944,0.923913043478261
21945,1.7708333333333335
21946,-7.391304347826088
21947,0.49354736172918
21948,-0.12678298132843585
21949,0.1291322314049587
21955,-4.83384915112741
21967,-1.3895833333333325
21974,-1.9752112966398678
21975,-1.0180224867724867
21976,-0.10289115646258508
21977,-1.0068157520190653
21980,-0.684293831168831
21981,-0.7252546296296297
21982,-1.5983698593073599
21983,-1.4164351851851853
21984,-1.962804677206851
21985,-0.9987544050302315
21986,-1.2277777777777774
21988,-2.825396825396825
21989,-4.560897435897435
21990,1.267347957814844
21991,-0.047439231891103384
21992,1.2079229692866056
21993,1.1713184906974408
22023,-0.896341463414634
22024,-3.6072154471544713
22025,-4.999999999999998
22026,-4.666666666666665
22027,-3.2747560975609744
22028,-2.4994710789988415
22029,-3.517987804878048
22030,-3.545513937282229
22031,-1.182868757259001
22035,-4.187804878048778
22037,-3.96341463414634
22041,-3.454974723327397
22043,-0.9130434782608695
22044,-1.826086956521739
22049,-0.0
22053,-4.898771929824565
22055,-5.368210565476189
22057,-3.7189634439634447
22059,-4.539207175925927
22060,-3.271695402298853
22061,-4.49765581156077
22062,-0.0
22063,-5.835317460317456
22064,-1.5919521873790166
22065,-2.3185927672955984
22066,-1.2370202143425144
22067,-1.9801587301587296
22068,-2.619047619047619
22069,0.6547619047619048
22070,-2.1737643136606812
22071,-4.474918318080096
22072,-7.034722222222226
22073,-7.623015873015877
22074,-0.444957288076887
22075,-0.5336881826413467
22076,1.0913731147237218
22077,-0.8586849406812094
22079,-1.6487369337979094
22081,-2.0624999999999996
22082,-1.8177264808362363
22083,-4.942995777561344
22084,-5.023094512195119
22085,-5.697656249999995
22086,-4.189545611003837
22087,-5.429000771604936
22088,-5.480338541666663
22089,-5.46428571428571
22090,-5.452493704511012
22091,-0.764067603091893
22092,-1.8947495407988544
22093,-1.05491607926749
22094,-1.763977811406657
22095,-0.6748860952218142
22096,0.5210650488709134
22097,-4.36046511627907
22098,-0.1312742638155513
22099,-0.5471751769464106
22100,-2.906976744186047
22101,-6.166666666666669
22103,-6.64583333333333
22104,-0.37378640776699024
22106,-5.530208333333335
22107,-0.044395337416906544
22108,-1.978487318840579
22109,-4.963115246782703
22110,-1.889303764049182
22111,-5.351906453795985
22112,-5.201443724465872
22113,-4.708293636870013
22114,-4.240011603377384
22115,-2.788876543209875
22116,-1.3806818181818181
22117,-0.37103174603174605
22118,-1.5993404118404113
22119,-4.056249170977582
22120,-4.87950626959248
22121,-5.261366392801258
22123,-1.7962430276835042
22124,-1.3884542140209373
22128,-4.684210526315793
22129,-2.9026369076058516
22131,-2.2029302462513565
22132,-2.357104700854701
22133,-3.8867521367521363
22134,0.3394308943089431
22135,-0.1942186088527551
22136,-6.343749999999997
22137,-4.7812499999999964
22138,-3.334950086279085
22139,-3.173466454034246
22141,-2.8902904922214003
22142,-2.9455120785195645
22144,-3.0186643715559875
22147,-2.684414262740671
22148,-4.482499999999998
22149,-5.046907516636421
22150,-3.5282868171953314
22151,-0.5645661157024794
22152,-1.0803719008264463
22153,-5.124999999999997
22156,-0.24994912494912497
22158,-3.5451452202800104
22161,-2.6270138888888885
22163,-4.097222222222222
22165,-4.382161458333332
22167,-0.6034722222222223
22168,-7.499999999999997
22169,-6.894900093687406
22170,-4.894565140268215
22171,-6.143444571620239
22173,-3.4341532746503725
22174,-2.6113846773686493
22175,-5.9101562499999964
22176,-6.242187499999996
22178,-3.518897580789543
22179,-5.414436431623932
22180,-5.373563218390809
22181,-4.846153846153846
22183,-2.398958333333334
22185,-3.28017220020953
22186,-1.4026318421894999
22187,-0.8419604414252329
22188,-2.892024282009331
22189,-2.8784366645593087
22190,-1.9694481806946698
22191,-7.144117647058822
22192,-7.249999999999999
22193,-7.236111111111111
22195,0.07604361177709136
22196,0.30914683975028806
22197,-3.993571194831395
22198,-5.691249999999999
22199,-3.909722222222223
22200,-5.216481801971891
22201,-4.145833333333334
22203,-1.2464285714285714
22204,-1.4999999999999998
22207,-4.175587507913002
22208,-1.2087021125893074
22209,0.08501683501683492
22210,0.12825655564794286
22211,-0.9761871766444932
22212,-1.6621610797388755
22215,-5.62894144144144
22216,-1.4507430794744227
22219,-2.5732600732600734
22220,-5.788587848932679
22221,-5.373563218390809
22222,-2.8399743230625583
22223,-1.5518452380952374
22224,-2.411101973684209
22227,-1.97389101473923
22228,-1.847826086956522
22230,-9.107142857142858
22231,1.4050387596899223
22232,-1.5566037735849059
22236,-5.221527777777778
22242,-7.136718749999997
22243,-6.551432291666663
22244,-2.348958333333332
22245,-4.653846153846153
22246,-1.852719528178244
22247,-2.7692307692307687
22248,-5.019230769230768
22249,-4.846153846153846
22250,-5.019230769230768
22251,-5.730263157894741
22252,-4.559559409888361
22257,-0.3795180722891566
22258,-1.2662650602409635
22259,-0.411144578313253
22260,-1.6353276353276354
22261,-0.7085470085470087
22262,-3.4751602564102564
22263,-0.38655788655788664
22264,-1.447811447811448
22266,0.30279503105590067
22267,-2.3679875560995534
22268,-9.015151515151516
22269,-1.5396671604010226
22270,-8.631944444444448
22271,-3.406024689805497
22272,-5.5781249999999964
22273,-3.527233714788731
22274,-3.4260869033646304
22277,-2.3956059113300503
22279,-0.47348484848484845
22280,-1.0463154269972452
22282,-5.442708333333332
22286,-1.3095238095238095
22294,-2.15263157894737
22295,-2.019817073170731
22296,-3.1364329268292686
22297,-0.20230716253443526
22299,-0.0
22300,-3.5000000000000018
22301,-4.0046296296296315
22302,-3.76075764561242
22303,-3.8279385021259182
22304,-0.8817427385892115
22305,-0.9847856154910095
22306,-1.9029448621553893
22307,-1.2288011695906431
22308,-0.7171538343322577
22309,-2.8956708160442606
22310,-2.9747804878048774
22311,0.08228290346866089
22312,-0.08371689833993073
22313,-1.3299848108257388
22314,-0.024997644539122756
22315,-5.055921052631583
22316,-5.520833333333338
22317,-2.8884976525821577
22318,-3.039062499999998
22320,-1.329298708920188
22324,-2.5358491016819573
22325,-0.25595238095238027
22326,-5.100887093393694
22327,-5.9765624999999964
22328,-4.926163194444443
22329,-6.696180555555554
22331,-5.190211655722324
22332,-6.81575520833333
22333,-5.551786571251126
22334,-4.522611788617884
22335,-3.1902083333333344
22336,-4.752964426877471
22337,-0.5868055555555557
22338,-2.2830822363045344
22339,-5.019082410445721
22340,0.9125486672656485
22341,-2.140984925474254
22342,-1.4817708333333333
22343,-2.5056317380536126
22344,-0.4086462582556333
22345,-0.3237649936868687
22346,-1.8197231732387982
22348,-1.488264821598155
22349,-1.6634062036398594
22352,-3.162744666582842
22354,-6.333277802735354
22355,-4.116604778663601
22356,-2.884585887176795
22357,-3.031250000000001
22358,-1.325748239436619
22359,0.0
22360,-3.2712650381455375
22361,-5.0468749999999964
22362,-0.21640258215962443
22363,-2.6562499999999982
22364,-3.7763337184565695
22365,-3.6159423148844523
22366,-4.804379421970702
22367,-2.942300947736727
22371,-2.6097846895864723
22372,-3.2016771608036385
22374,-5.450495049504953
22375,-9.875000000000005
22376,-4.238655115511553
22377,-1.9862971566848158
22378,-2.621440065681445
22379,-4.267587948002894
22380,-3.970128702117278
22381,-5.373755968169764
22382,-5.165650048875851
22383,-5.764610648629899
22384,-5.649551031911201
22385,-4.617010949132475
22386,-4.1192936820932395
22389,-1.9946296296296302
22390,-0.7074273858921162
22391,-0.9768518518518517
22393,-0.9478830490241278
22394,-0.7986111111111112
22395,-0.7152777777777778
22396,-0.4474193068570579
22398,-0.022569444444444448
22399,-5.333576998050686
22400,-0.04710144927536233
22402,0.34066597653554176
22403,-0.25714952834594185
22406,-0.3900911538246082
22407,-0.5165289256198348
22408,-0.47348484848484845
22410,-3.891985393042476
22411,-4.161771259998758
22412,-5.806944444444446
22413,-3.528975938967134
22414,-4.889192721069424
22417,-2.413719093406593
22418,-1.5290242165242163
22419,-0.6987265528537729
22420,-1.4398836557331085
22421,-1.8760141614884152
22422,-0.058455138768902536
22423,-4.974704423669746
22424,-4.675565778228822
22425,-3.5905898661859936
22426,-3.1343750000000004
22427,-8.275153234220149
22428,-3.527777777777776
22429,-2.721328382838284
22430,-3.39910714285714
22431,-3.7555219084480114
22432,-4.195092167855929
22433,-4.595507347944274
22434,0.0
22435,-2.554596152916729
22436,-2.3208333333333333
22437,0.0
22438,-5.0
22439,-0.25644482151835085
22440,-3.7499999999999987
22441,-7.270833333333335
22442,-3.94625
22444,-4.184210526315793
22445,-2.1949212636932702
22446,-1.900268472765797
22447,1.3293650793650793
22448,0.2739123596593109
22449,0.7547284644194739
22450,-3.07291666666667
22451,-7.221354166666674
22452,-0.3155118897306388
22453,-3.8072916666666643
22454,-3.4756944444444415
22456,-5.010225885225884
22457,-2.8973393779386525
22460,-2.0869920218006355
22461,-3.7575402462121215
22464,-3.0772708540130456
22465,-3.5659625141803746
22466,-3.2410714285714275
22467,-3.380262128375556
22468,-4.462016862045534
22469,-5.359704670370984
22470,-3.802196420919695
22471,-0.8573193391226352
22472,-2.2116023464180183
22473,-1.5651829784425186
22474,-3.404735404435746
22475,-3.850008016674682
22476,-1.1828418828015923
22480,-5.31743421052632
22481,-1.534733618860825
22482,-5.3755482456140395
22483,-2.6434345657276976
22485,-3.126157407407407
22486,-1.0157828282828285
22487,-4.465414614121514
22488,-4.071592987804878
22489,-0.2904937497991579
22491,-1.0646367521367524
22492,-0.48004850088183443
22493,-1.8165332825203249
22494,-0.3447350297230683
22495,0.6828703703703703
22499,-3.480607486151841
22500,-4.013513513513514
22501,-4.659124814611537
22502,-4.141538765822785
22505,-4.885030972053965
22507,-4.552861947035171
22508,-1.991013165824488
22510,-1.3188626126126124
22511,-0.6862934362934362
22512,-0.39231641152126356
22513,-1.228761356350127
22514,-6.166666666666669
22515,-6.166666666666669
22516,-6.166666666666669
22517,-6.166666666666669
22518,-6.3722222222222245
22519,-6.57777777777778
22524,-5.021052631578952
22525,-5.021052631578952
22526,-5.576388888888889
22529,-5.749999999999997
22530,-3.3701388888888872
22533,0.0
22534,-2.199999999999999
22535,-0.7499999999999996
22536,-4.334166666666665
22539,-0.40084835630965
22540,-0.7600106044538706
22541,0.12930253623188404
22543,3.983574879227053
22544,-0.9605168773749556
22545,-0.5869749322493224
22546,-2.2255975201892486
22547,-0.25739416777990476
22548,-2.4349750831010817
22549,-2.438800487827982
22550,-2.214937025934967
22551,-4.551042218981971
22553,-6.815755208333331
22554,-5.350726202574524
22555,-6.098046008869177
22556,-4.326227451727641
22557,-2.4827031612950043
22558,-3.924745484444417
22559,-2.192737784544006
22560,-3.5008453517108333
22561,-3.3856052907119962
22562,-1.5044716411615076
22563,-2.748562032951986
22564,-1.7964795482738083
22565,-1.3187376725838265
22566,-1.501561472715319
22567,-4.3975123355263195
22568,-5.8256149240068655
22569,-7.223600079113055
22570,-7.5288076188448425
22571,-4.6269230769230765
22572,-4.961538461538461
22573,-0.29901128355075735
22574,-0.7099719034108174
22575,-4.056249999999999
22576,-0.5874178172255096
22577,-0.645629703744148
22578,-0.5322189812827159
22579,-1.184438696030975
22580,-1.7714491016529745
22581,-1.921235430643746
22582,0.0
22584,-0.7049051570835801
22585,-1.5696428571428576
22588,-2.5796299554304487
22589,-0.8823824061464074
22591,-2.189990177937419
22592,-2.504732935629163
22593,-0.7647931929181929
22594,-1.0564782439782443
22595,-1.2793874643874643
22596,-1.02589490098622
22597,-1.3256940465362643
22598,-1.3184147580025334
22599,-1.2787328733317538
22600,-1.2306712962962962
22601,-0.7233903133903133
22602,-1.1077533577533576
22603,-1.6735764235764237
22604,-3.973331604426004
22607,-4.770414034346637
22608,-0.10836226851851853
22609,-2.3678086419753086
22610,-0.923076923076923
22611,-5.438988095238092
22613,-3.7239665096807952
22614,-0.7080548128342246
22615,-1.3998333333333326
22616,-0.5237784090909092
22617,-2.991084533128319
22618,-5.572773972602744
22619,-2.2711805746991485
22620,0.35796980073947243
22621,-3.146542739385727
22622,-3.2847142151580466
22623,-1.9887285205172835
22624,-7.145481601731601
22625,-6.3776004670359505
22626,-7.890624999999998
22627,-6.523355197773801
22628,-5.464285714285712
22629,-4.315718541613574
22630,-3.929055306485241
22631,-4.183060065385469
22632,-2.635846774193549
22633,-4.286922043010753
22634,-4.6844827586206925
22635,-4.904349197556514
22636,-6.669642857142856
22637,-3.8843699306729516
22638,-3.616462046554759
22639,-3.042699520396617
22640,-4.549715909090909
22641,-0.5184659090909092
22642,-1.801294993759067
22643,0.34019886363636365
22644,-3.763139754808132
22645,-1.6462152313035805
22646,-3.760281237311592
22647,-1.3374375212623977
22649,-4.4893353174603154
22650,-3.472222222222224
22651,-0.6744420702754037
22652,-2.5094004065040645
22653,-1.127896061698241
22654,-1.6359982572138245
22659,-4.417253484046609
22660,-4.284389458689459
22661,-4.1440483234714
22662,-5.2763466995221
22663,-4.36489377262588
22664,-3.179233716475096
22665,-3.2908475156494497
22666,-3.5790342206210632
22667,-5.394483024691356
22668,-5.160705756276789
22669,-5.3124999999999964
22670,-1.752863563868349
22671,-2.26686356707317
22672,-2.311102642276422
22673,-3.5542264752791093
22674,0.02905701754385981
22675,-0.634939268720261
22676,-0.42355371900826444
22677,-5.4232093663911805
22678,-2.6640840220385655
22679,-2.4791666666666647
22680,-0.46487603305785125
22681,-0.28110236220472434
22682,-0.2582644628099174
22683,-0.46487603305785125
22686,-4.008736588371759
22687,-3.8870150928393437
22688,-5.0178372807936835
22689,-2.5860019737301756
22690,-4.8813559784257246
22691,-3.6922253468098156
22692,-4.311783063427799
22693,-4.184210526315793
22694,-4.964166666666668
22695,-1.6670360029346385
22696,-3.1124999999999994
22697,-4.182131030708827
22698,-4.278637767734097
22699,-4.748898036781245
22700,-0.6461812016883577
22701,-1.3158433390802082
22702,-0.08543954874414583
22703,-2.0343198763411516
22712,-2.2637533875338747
22713,-2.0170520536374186
22714,-4.539295392953928
22715,-4.999999999999998
22716,-3.2595818815330992
22717,-4.999999999999998
22718,-4.999999999999998
22719,-5.191520467836261
22720,-4.252280728348695
22721,-2.8502505267362235
22722,-5.674155405405406
22723,-4.576750802960482
22725,-4.671461365678348
22726,-2.9527775589938683
22727,-4.831533441226839
22728,-4.076050306629893
22729,-4.6777365977837695
22730,-2.692104889926604
22731,0.8098598553891614
22732,-1.3216678871055456
22733,-0.8048757519536739
22734,-3.2643472906403956
22735,-2.1606961382113816
22736,-1.4969512195121952
22737,-0.5687446512623023
22738,-1.4378810975609755
22739,-0.25487995480977843
22740,0.0
22741,-4.970486111111111
22742,-6.242187499999996
22743,-1.7823379777825195
22744,-1.560546874999999
22745,-3.8016823406478593
22746,-2.5796896551724147
22747,-6.824444444444448
22748,-2.428841732979665
22749,-6.204098837896631
22750,-4.527270416607559
22751,-4.556332100013312
22752,-4.717462160235597
22753,-1.4483993437118436
22754,-1.591328732575932
22755,-1.4515400764630517
22756,-0.6460505127553188
22757,-1.1301645626976666
22758,-1.8265079058259792
22759,-2.6643576820602934
22760,-3.0416666666666665
22763,-4.768678160919544
22766,-4.358201291079809
22767,-4.040539990951012
22768,-4.842530514928299
22771,1.5752477983152327
22772,0.8507872756368485
22773,2.3368055555555562
22774,0.4138888888888889
22775,-1.7004524410774415
22776,-4.975908510391275
22777,-7.583333333333331
22778,-5.007859002976187
22779,-4.6525213068181825
22780,-4.857623106060606
22781,-6.328525641025641
22784,-3.6817614661998266
22785,-6.078125000000002
22786,-6.074929078014186
22788,-3.9863028556331037
22789,-2.814832784442876
22791,-3.733972853966877
22792,-2.149607870761717
22794,-6.9375
22795,-6.235987103174604
22796,-4.885057471264373
22798,-3.6753411091549273
22799,-5.455255255255254
22800,-2.652408093740642
22801,-6.09654023706574
22804,-2.1297286103775415
22805,-0.9298245614035096
22806,-2.632659313725488
22807,-2.7288991300745633
22809,-1.7074570937529931
22810,-0.45430614419990933
22811,-1.3270518313786706
22812,-1.9881902908842044
22813,-2.87726105908087
22814,-4.999999999999998
22815,-4.999999999999998
22816,-4.466666666666666
22817,-5.229166666666664
22818,-3.9999999999999987
22819,-4.999999999999998
22820,-3.310185185185186
22821,-3.234953703703705
22822,-1.5654233870967742
22825,-4.499999999999999
22829,-4.787356321839085
22834,-2.438892401021713
22835,-3.4780753281229373
22837,-7.343315972222214
22838,3.6028880866426007
22839,3.6028880866426007
22840,-5.725459309740157
22841,-5.486638060825054
22842,-5.0200674019607865
22843,-5.1661271402527165
22844,-7.663717948717948
22845,-3.944839033909844
22848,6.897137014314925
22851,-2.520528083028083
22852,1.6824324324324307
22853,-3.1428571428571415
22854,-5.221416170634918
22855,-4.300438596491231
22858,-6.712962962962959
22859,-6.712962962962959
22863,-5.923437499999997
22865,-4.723843098372091
22866,-6.536327658303469
22867,-4.946777418582378
22879,0.0004139433551198224
22880,-0.007211328976034844
22881,-0.007211328976034844
22882,-0.007211328976034844
22883,0.046165577342047924
22884,0.0004139433551198224
22885,0.046165577342047924
22886,0.0004139433551198224
22887,0.0004139433551198224
22888,0.0004139433551198224
22889,-0.03166840549469657
22890,-4.61621966794381
22891,-1.0005003972619486
22892,-4.602631578947372
22893,-2.249999999999999
22894,-2.435755336617408
22895,-4.213390186202686
22896,-2.5210327301857696
22897,-2.387309794674028
22898,-3.1998119266055034
22899,-4.442289655172415
22900,-4.200164002485887
22902,-3.5253891741548977
22903,0.16793866306853344
22904,-3.2087114543320507
22905,-1.1989677091607556
22906,-6.343749999999997
22907,-4.06360877684407
22908,-3.513247863247863
22909,-4.0347152847152845
22910,-4.526383684808118
22911,-3.1991362235915473
22912,-2.1032876230661044
22913,-3.7401244588744573
22914,-3.9087752525252517
22915,-0.7709627329192547
22922,-1.6260458839406207
22925,-1.2536738351254482
22926,-4.5375000000000005
22927,-4.537500000000001
22928,-0.7906878963330577
22930,-2.2899116390906658
22931,-4.09740334584733
22932,-4.541666666666669
22933,-5.5781249999999964
22934,-5.799479166666662
22935,-3.631944444444443
22936,-3.5053418803418794
22937,-1.8637313662209936
22938,-3.9385416666666657
22939,-2.616971513075965
22940,-2.8591599930524842
22941,-7.485912698412697
22942,-6.700933075933074
22943,-4.576804155382921
22944,-0.3779069767441861
22945,-0.7894736842105263
22946,2.236842105263158
22947,2.0870535714285716
22948,-0.9020428209802355
22950,-3.1250000000000018
22951,-0.560515873015873
22953,-0.5041322314049588
22955,-5.447255543438752
22956,-4.296364942528737
22957,-5.69618055555555
22960,-5.553641703102872
22961,-3.752785270683618
22962,-3.792841880341881
22963,-3.8908424908424903
22964,-1.868547544409614
22965,-2.12834051724138
22966,-2.1320405007007883
22967,-4.553571428571425
22968,-4.590894261515862
22969,-4.871162280701755
22970,-3.806654707889277
22971,-3.6706410190734777
22972,-4.284843205574912
22973,-3.26393123306233
22974,-1.8947606142728093
22975,1.078099173553719
22976,0.3319559228650138
22977,0.0
22978,-6.478410707479106
22979,-1.6925108396164614
22980,-4.022089678055408
22982,-0.2214199410371662
22983,-2.783536585365853
22984,-4.187804878048779
22988,-1.6684364578802384
22989,-2.2192390289449113
22990,-2.184308143547273
22991,-0.5488584236864053
22992,-2.073394495412844
22993,-3.0887968254501366
22994,0.0
22995,-5.374999999999998
22996,-5.624999999999997
22997,-4.899999999999998
22998,-0.9212285456187895
22999,0.0
23000,-4.999999999999998
23002,-4.999999999999998
23003,-2.7499999999999987
23004,-0.725609756097561
23006,-5.249999999999997
23012,-4.978513243029372
23013,-4.794511565623317
23014,-4.587525567411715
23016,-3.694444444444445
23017,-6.19444444444445
23018,-7.786574074074078
23019,-7.123664529914527
23020,-6.129918981481486
23021,-8.984374999999998
23022,-6.063793103448272
23023,-4.206554878048779
23024,-4.322916666666667
23025,-0.28601626016260157
23026,-1.8115976310625166
23028,-3.473958333333332
23029,-6.947916666666664
23031,-6.947916666666664
23032,-6.87239583333333
23033,-6.044270833333337
23034,-3.993055555555557
23035,-4.040307971014495
23037,-4.265752032520324
23038,-0.9510416666666667
23039,-4.625
23048,0.0
23049,-8.846874999999994
23050,-8.044965277777772
23051,-7.682812499999995
23052,-7.915624999999995
23053,-4.074218749999997
23054,-6.20833333333333
23055,-1.477220991755874
23056,-1.4894870624449896
23057,-1.5480865817990028
23058,-1.656974420463629
23061,-2.4761904761904767
23065,-8.001157407407414
23066,-8.730468749999993
23068,-2.385853658536586
23071,-3.543917181069961
23072,-1.5303819444444444
23073,-7.5709876543209935
23074,-1.0287356321839074
23075,-8.203124999999998
23076,-4.047619047619049
23077,-3.1640211640211646
23078,0.0
23079,-7.125000000000009
23080,-9.032738095238086
23081,-8.865740740740733
23082,-6.203703703703701
23083,-4.465313301626362
23084,-4.518698684173672
23085,-4.541085271317828
23087,-2.107142857142858
23088,-2.445358618654074
23089,-3.6115410673337487
23090,0.3986058501683508
23091,-3.5731388639229023
23092,-3.6911914641375216
23093,-2.8976446676231467
23096,-2.8581131436314355
23099,-3.5009259259259267
23100,-4.2994708994709
23101,-5.848484848484852
23102,-5.272727272727276
23103,0.6875
23104,-4.067460317460319
23106,-3.811049107142857
23107,-0.0
23108,-4.773682107747093
23109,-4.25558908045977
23110,-5.524553571428573
23111,-4.469576719576721
23112,-6.554411764705881
23113,-4.755208333333334
23114,-5.043402777777779
23115,-4.899305555555556
23116,-4.755208333333334
23118,-6.250919679798522
23119,-2.3595848595848596
23121,-5.562499999999998
23122,-5.060606060606065
23123,-6.227272727272731
23126,-1.8078347777467154
23127,-2.899600456621005
23128,-1.6414958414872796
23129,-2.202934104354828
23130,-3.734432510927077
23131,-4.947045465982287
23132,-4.360046323779652
23133,-4.070883104086229
23134,-4.125998110539249
23135,-2.8605701112635282
23136,-5.513134057971012
23137,-6.045289855072461
23138,-4.687500000000003
23139,0.5699685534591196
23140,-2.8826154052603328
23141,0.8234126984126985
23142,-6.121785714285718
23143,-0.0
23144,-2.8741875000000006
23145,-2.826083319676609
23146,-5.719791666666671
23147,-1.5625000000000009
23148,-1.3522727272727277
23151,0.7323529411764705
23152,-8.1087962962963
23153,-1.8759593066786469
23154,-5.625289097611473
23155,-5.256198347107441
23156,-3.373145325203252
23157,-1.3420731707317073
23158,-1.6962360080122536
23159,-5.504937383224764
23160,0.7904761904761902
23161,-0.08068783068783025
23162,-5.240336877815511
23163,-3.159178433889602
23164,-3.5877882492590585
23165,-5.799798976608186
23166,-3.684807256235829
23167,-3.5621400075987837
23168,-3.586868518686702
23169,-6.998697916666666
23170,-4.346719385162603
23171,-3.8890975114019444
23172,-5.292073170731707
23173,-3.741637780496479
23174,-7.232642170762444
23175,-4.613190628815627
23176,-2.7754828326180236
23178,-3.4987697995514444
23179,-3.346860849878092
23180,-2.9999999999999996
23181,-7.999999999999995
23182,-0.37665241370762864
23183,-2.232390913707566
23184,-3.015573867960427
23185,-0.0
23186,-1.2013888888888888
23187,-3.865979381443299
23188,-0.6708375677506775
23189,-5.123668981481481
23190,-3.872443470528453
23191,-2.998687330623306
23192,-5.406544180573383
23193,-1.4531210552890694
23194,-2.1107695492360032
23196,-5.264136904761907
23197,-1.7929536533816428
23198,-2.5249146577625834
23199,-3.2498691805770985
23200,-4.188481000094978
23201,-2.635459039503575
23202,-2.8052802687303893
23203,-3.0072883048888883
23204,-4.715294117647057
23205,-3.4929344729344725
23206,-6.274357142857141
23207,-5.17269851116625
23208,-5.591093749999997
23209,-6.4228931451612885
23210,0.0
23211,0.0
23212,-3.6349206349206367
23213,-4.047619047619049
23214,-1.102660499018783
23215,-1.390823747918006
23216,-1.6145237247890583
23217,-0.9762380175495231
23218,-0.2281090121999211
23219,-2.6150746800097457
23220,-1.0434722222222221
23221,-0.5284800517429192
23222,-0.033016299857300604
23223,-1.093307300359779
23224,-0.42174577844636024
23225,-0.9139453410920807
23226,-2.634920634920636
23227,-0.8145415190869737
23228,-1.220751158276985
23229,-4.821034128758832
23234,-3.550939434129089
23235,-3.9614982578397213
23236,-3.9634860062220962
23237,-7.310267857142856
23238,-8.251953124999998
23239,-2.6482812499999993
23240,-8.39269301470588
23241,-6.996150362318837
23242,-7.415081521739126
23243,-4.302692403083028
23244,-5.071568127760788
23245,-3.6156506117550657
23247,-4.315786637931034
23249,-6.041666666666664
23250,-4.333333333333335
23251,-4.4365079365079385
23252,-6.8541666666666625
23254,-8.810763888888888
23255,-7.0081306073153895
23256,-7.2878787878787845
23263,-0.38840613931523044
23264,0.4686789320988454
23265,0.2917779183556794
23266,-0.4384674171864255
23267,-4.333333333333335
23268,-0.810595896607802
23269,-5.468750000000003
23270,-3.9609375000000018
23271,-1.2781250000000002
23272,0.19779458346531517
23273,-1.7687282229965153
23274,-1.8785823170731706
23275,-0.802776569522981
23280,-3.6602812377352283
23281,-5.488636363636367
23282,-2.449773811737004
23283,-4.728868059882758
23284,-4.532999327898213
23285,-5.134615384615384
23286,-5.115384615384615
23287,-5.123076923076923
23288,-5.076923076923076
23291,-1.565105601469238
23292,-2.6379958677685953
23293,-4.0575757575757585
23294,-3.6704545454545476
23295,-5.090909090909092
23296,-2.193877551020409
23297,-1.4804687499999996
23298,-4.751483843537416
23299,-5.724137466307281
23300,-3.1821002215579743
23301,-3.4400658531468604
23302,-4.653667166052741
23306,-3.8666383219954645
23307,-0.7930402930402929
23308,-0.6544820919820918
23309,-0.5904934437543133
23310,-1.5761572921851668
23311,-3.6728395061728407
23312,-8.450892857142856
23313,-3.5420772688356177
23314,-4.357890995260663
23315,-3.939814814814818
23316,-3.898148148148151
23317,-3.647376543209879
23318,-4.721032166843408
23319,-3.8642405471673773
23320,-3.769845232046071
23321,-5.717984718946537
23322,-4.247332647297473
23323,-5.827500000000002
23324,-6.87047101449275
23325,-3.7156249999999984
23326,0.0
23327,0.0
23328,-7.5369180215371685
23329,-3.8599537037037024
23330,-3.8267195767195776
23331,-3.437500000000004
23332,-5.4357638888888875
23333,-2.917989417989419
23334,-1.718750000000002
23335,-7.456974637681155
23336,0.0
23338,-7.875905797101445
23341,-7.6999999999999975
23342,-7.8333333333333295
23343,-4.454822599417215
23344,-4.320829462624562
23348,-5.340852490421452
23349,-4.329402872260016
23350,-4.104056437389772
23351,-4.242090486988447
23352,-4.126984126984128
23355,-4.397883490517421
23356,-4.328362068965519
23357,-2.590928819444445
23358,-2.174365942028985
23359,-2.0555555555555545
23360,-5.2326388888888875
23365,-4.5833333333333375
23367,-4.5833333333333375
23368,-4.5833333333333375
23382,-6.326923076923072
23388,-8.671874999999998
23389,-8.882812499999998
23390,-8.882812499999998
23391,-8.812499999999998
23392,-5.754489942528732
23395,-6.556159420289851
23397,-3.92238099477683
23398,-4.653846153846153
23399,-1.3846153846153844
23400,-2.4217378084954904
23401,-4.621004554922741
23402,-5.960144927536229
23403,-3.064678964408296
23404,0.008660009861931606
23405,-4.464843750000001
23406,-4.462070874861571
23407,-5.20125570776256
23409,-4.902777777777776
23410,-0.24999999999999845
23411,-4.485026041666668
23412,-4.782637360499755
23413,-2.881944444444445
23414,-4.845890410958907
23415,1.0912698412698412
23416,-0.0
23417,-1.3095238095238095
23418,-4.629310344827583
23419,-4.629310344827583
23424,-4.034722222222223
23425,-0.0
23426,-4.520966569767442
23427,-4.033943833943836
23428,-5.127272727272728
23431,-5.242424242424245
23432,-4.0909090909090935
23433,-4.909090909090912
23434,0.5839793281653748
23435,0.5624461670973299
23439,-6.629166666666668
23451,-4.625
23452,-4.625
23453,0.0
23454,-8.984374999999998
23455,-5.965624999999999
23456,-8.593749999999996
23457,-8.124999999999993
23460,-3.5995260663507125
23461,-4.687499999999999
23466,-7.499999999999994
23469,-4.166182170542634
23470,-4.468453919035311
23471,-4.044117647058823
23479,-6.043981481481485
23480,-6.15172101449275
23481,-2.4761904761904767
23482,-6.947916666666664
23483,-3.301587301587302
23484,-5.1875
23487,-3.4577205882352944
23489,-5.965625
23490,-4.768115942028984
23494,-4.3135714285714295
23497,-4.573567708333336
23498,-6.189583333333337
23500,-2.641269841269842
23501,-2.256857142857143
23502,-2.872380952380953
23503,-4.521428571428573
23504,-0.2777777777777777
23505,-4.605714285714287
23506,-2.699999999999999
23507,-4.799999999999998
23508,-5.399999999999998
23509,-4.199999999999998
23511,0.0
23512,-1.0287356321839074
23514,0.7643678160919538
23515,1.7931034482758612
23516,-6.804498792270527
23517,-1.4976562500000001
23518,-6.0953125
23519,-6.705163043478257
23520,-7.052838164251204
23521,-1.0293237257513819
23522,-2.1756691992515163
23523,-2.9161285899481437
23524,-2.6225792780215387
23525,-2.4585597826086945
23526,-5.467714324054904
23527,-2.166156290165314
23528,-2.0969984044674903
23529,-4.292553073616095
23530,-4.271159220437476
23531,-7.001156959160015
23532,-2.697885220125787
23533,-3.331980229021292
23534,-6.151923076923077
23535,-5.84565425069652
23536,-3.139757880858205
23537,-4.370949074074075
23538,-2.671152676399027
23539,-6.547282608695649
23540,-0.6105984340044742
23541,-6.667742616033752
23542,-5.938892865514698
23543,-5.083160953910081
23544,-2.793225362368306
23552,-5.508022030651338
23553,-5.985215053763438
23554,-2.7963709677419346
23555,-2.1586021505376336
23556,-3.0171370967741926
23557,-2.354838709677419
23558,-6.034274193548385
23559,-5.754489942528732
23560,-4.98
23561,-4.98
23562,-5.6025
23569,-4.611111111111112
23575,-4.583333333333332
23576,-4.927083333333332
23579,-5.041666666666665
23581,-5.56028242192035
23582,-5.264587251828629
23583,-5.824166666666664
23597,-5.710937499999996
23598,-6.056249999999996
23681,-6.488749999999998
23694,-4.999999999999998
23695,-4.999999999999998
23697,-4.999999999999998
23702,-2.0
35001G,-4.253829826504245
35001W,2.866396761133603
35004B,-4.799348958333337
35004C,-4.739955357142861
35004G,-0.2767395152505449
35241,-5.312499999999997
35265,0.6896052631578948
35471D,-0.0
35598B,-2.3143115942028984
35598D,-0.6088762277470842
35599B,-3.7343210515931724
35599D,-1.8318710876369326
35637A,-2.9749999999999996
35637C,-2.9749999999999996
35646,-1.8651531549258826
35648,-0.667285162099431
35649,-0.0
35651,-3.274801587301587
35809A,-4.960629921259842
35809B,-0.5446194225721783
35810A,-4.960629921259842
35810B,-1.653543307086614
35817P,-1.175115207373272
35819P,0.451559934318555
35911A,-0.0
35912B,-5.501461988304098
35914,-0.11333333333333333
35923,-4.072215422276624
35924,-3.1716124661246594
35953,-1.4534883720930234
35957,-4.017391304347826
35964,-0.10769980506822611
35965,-6.828703703703703
35967,0.8085106382978723
35970,-3.724495294474801
35971,-0.8098184218118502
37327,-4.65748031496063
37333,1.2375
37340,-0.0
37342,7.083333333333337
37343,-5.238095238095238
37370,-2.4807383040935695
37413,0.3930474806201551
37444A,0.38411458333333337
37444C,-0.576171875
37446,-5.332031250000002
37447,-4.673611111111112
37448,-3.255208333333334
37449,-4.509390496932444
37450,-5.135416666666663
37462E,-9.130434782608695
37467,1.2318840579710146
37475,-4.522831050228313
37476,-3.8767123287671263
37479B,-5.902777777777778
37479P,-1.1805555555555556
37482P,-3.5416666666666665
37489A,-3.75
37489B,-1.25
37489C,-1.25
37489D,-3.75
37495,-5.310185185185187
37500,-0.5576709529408242
40001,-1.2951625094482238
40003,-2.7708333333333326
40016,-1.2082243316640506
44234,-5.624999999999997
44236,-1.2046632124352332
44242B,1.0869565217391306
46138B,1.3295454545454546
47013A,0.8529411764705881
47013C,-0.8529411764705881
47021G,-5.813953488372094
47310M,-1.0568663543061136
47341A,-0.0
47343A,1.7738095238095237
47344B,2.3384353741496593
47348A,0.2083333333333333
47351B,-5.843749999999996
47367B,-6.223958333333336
47369B,0.0
47421,-2.9999999999999987
47422,-5.312499999999997
47471,-1.4338831018518523
47480,-1.547192581300812
47503A,-1.900093062307711
47503H,-0.0
47504H,-1.4331005453905699
47504K,-1.9488999187275051
47518F,-0.0
47559B,-2.5107448700045047
47566,-4.488503504188774
47566B,-4.103148148148148
47567B,-2.5413748736329382
47570B,-5.309537037037038
47574A,-0.5753968253968255
47580,-1.0961111111111117
47590A,-3.931017478152313
47590B,-5.378500000000004
47591D,-3.137008307614256
47593A,-6.510416666666667
47593B,-1.5334815136413975
47599A,-3.6788414634146323
47599B,-3.977682926829266
48111,-4.392677435694598
48116,-4.193336090656529
48129,-4.35782267067817
48138,-4.782473231639606
48173C,-4.451175752701663
48184,-4.8742265049361775
48185,-4.719086305732278
48187,-4.5180981666358955
48188,-4.571588730203751
48194,-4.812863224718615
51014A,-0.7141678974259413
51014C,-1.9291999433921367
51014L,-1.8666164680206412
51020A,-0.6510416666666666
51020B,-0.0
62018,-1.7648809523809526
70006,-1.416703250063024
70007,-1.8396747967479672
71038,-5.247395833333338
71053,-5.474285338245772
71101E,-4.692307692307692
71270,-1.0165289256198349
71279,-4.7812499999999964
71459,-4.374005486968447
71477,-3.5690489903921847
71496B,-2.708333333333333
71510,-2.121744791666667
72127,-3.90526315789474
72128,-2.708994708994709
72130,-3.312500000000001
72131,-4.927083333333332
72134,-0.9089147286821706
72225C,-1.3125
72349B,-3.5208333333333317
72351A,-3.5494579945799445
72351B,-3.9452961672473843
72598,-1.9047619047619049
72741,-5.295312500000001
72760B,-4.704551940639272
72799C,-1.3657407407407407
72799F,-1.593749999999999
72800B,-1.4488636363636365
72800C,-1.4488636363636365
72800E,-3.633637511478422
72801C,-5.34649122807018
72802A,-3.637956011002888
72802B,-3.2733825433825445
72802C,-4.665955340955343
72807A,-5.772727272727275
72807B,-7.12571022727273
72807C,-5.618100649350652
72811,-3.906250000000001
72812,-0.17241379310344826
72816,-1.3868248049005725
72817,-0.530764010213994
72818,-0.6163025497176969
72819,-3.67806267806268
75049L,-3.129503038194444
75131,-3.5127525252525262
75172,-6.33445945945946
77101A,-5.34649122807018
78033,-2.0833333333333326
78124,-5.5
79000,0.31249999999999956
79026B,-0.0
79030D,-3.9285714285714284
79030G,-1.3095238095238095
79051A,-0.3518518518518522
79062D,1.2037037037037037
79066K,-1.185104440312774
79067,-3.0975000000000006
79144B,-5.241666666666669
79144C,-5.550000000000002
79160,-3.56377032520325
79164,-3.9285714285714284
79302M,-4.991774276859501
79321,-4.91716694889896
79329,-0.0
79331,-1.299212598425197
79337,-4.678149606299213
81950V,-4.553571428571429
82001S,-6.119623869176901
82011B,-2.7656250000000004
82011C,-3.1607142857142865
82482,-3.3630997648960026
82483,-3.5584647889192618
82484,-4.229338208445245
82486,-6.455854885057482
82494L,-4.519810679611123
82551,-0.19365997915581107
82552,0.7515420086416527
82567,-0.7297515961928791
82578,1.485902037096891
82580,0.557980633663833
82581,1.3983239104949639
82582,-4.51625626789292
82583,-3.709200092458085
82599,0.0
82600,-4.1554187692739015
82613B,-0.39638554216867466
82613C,-1.5134939759036143
82613D,-0.480722891566265
82616B,-1.5274375802450668
82616C,-0.6272288317742863
84012,-2.4791666666666665
84029E,-5.20965479012806
84029G,-4.992983797068933
84030E,-5.178659830268742
84031A,0.12432391826923142
84031B,-2.782250388500385
84032A,1.0708755144032929
84032B,-2.201535475095388
84050,-2.5046500476030467
84077,-2.3504502379871295
84218,-6.283333333333329
84249A,-0.9390243902439023
84279B,-6.277777777777782
84279P,-5.8854166666666705
84313B,-0.0
84313C,-0.0
84347,-0.7651748666271487
84356,-3.1369243827160482
84358,-4.761301369863018
84360,-2.949786324786325
84375,-1.067524630541871
84378,-1.8748650529996618
84380,-1.0029849446721533
84388,-5.238095238095238
84406B,-3.362594282673056
84415B,-1.4999999999999998
84422,-1.847826086956522
84459A,-5.09982638888889
84459B,-4.882812500000001
84508A,-4.569444444444446
84509A,-2.3045244178646302
84509C,-3.0729166666666674
84509E,0.07713963963963963
84509G,-0.6944444444444443
84510A,-3.480049780097629
84510C,-1.3178374655647385
84510E,0.9615384615384615
84519A,-2.0545838046757154
84519B,-2.3223039215686274
84520B,-2.9523809523809526
84527,-5.885416666666666
84531A,-0.4166666666666666
84531B,0.625
84535B,-0.7249485596707819
84536A,-0.34146341463414637
84536B,-3.46260162601626
84549,-6.947916666666664
84559A,0.0
84563A,-3.34375
84569A,-0.9039256198347108
84569D,-0.6198347107438017
84575A,0.7437499999999999
84580,-0.9758771929824565
84581,-1.644736842105264
84595E,-0.0
84596B,0.5425802856536364
84596E,-3.2325442119354633
84596F,-0.03106353278939232
84596G,0.022585733781978673
84596J,-1.506024096385542
84596L,-1.506024096385542
84600,-3.6680555555555556
84609,-4.495000000000003
84625A,-2.1362433862433856
84625C,-0.4785289115646258
84658,0.0
84659A,-1.211111111111112
84660A,0.015309068438753598
84660B,-1.0192792792792793
84660C,-0.8709459459459459
84661A,0.0
84661B,-0.43126262475496774
84661C,1.2073863636363638
84663A,-0.01500403746770021
84673B,0.5298833819241984
84674,-2.901654411764706
84678,-2.8105769230769235
84683,-1.4479166666666667
84686,-8.598265895953757
84687,-3.4031250000000006
84689,-1.5063291139240504
84691,-5.3999999999999995
84692,-0.44206490531557585
84706D,-0.0
84707A,-0.0
84707B,-0.0
84708B,-1.1383928571428565
84712B,0.0
84725,-0.0
84731,-0.0
84750B,0.625
84751B,0.6334459459459459
84754,-5.501461988304098
84755,-1.6224165821623453
84763,-5.435986842105267
84766,-0.3453124999999999
84789,-3.234375000000001
84792,-3.4523065476190475
84795B,-5.8560185185185185
84796B,-5.322916666666667
84799,-0.44277108433734935
84800L,-2.8936692506459933
84800M,-2.6946428571428584
84800S,-4.649122807017548
84804A,-4.097222222222222
84804B,-4.097222222222222
84805A,-1.4999999999999998
84805B,-7.499999999999999
84806B,-6.650157232704404
84813,-1.6784519134358291
84817,-2.8958333333333335
84818,-1.3302556818181819
84819,-3.783661978536542
84820,-2.9359656301145667
84821,-1.0930160984848485
84826,-0.153125
84827,-0.4061594202898551
84828,-1.238680666312246
84832,-2.4641608391608396
84836,-1.4329708568943027
84843,-3.3119658119658126
84857C,-6.488549618320611
84858C,-0.2570921985815603
84859A,-2.126697247706422
84859B,-0.33543577981651373
84859C,-0.004919724770642264
84865,-1.5315315315315317
84876D,-3.9687499999999996
84877D,-7.499999999999999
84879,-1.2076388888888885
84880,-4.997401960784313
84884A,-2.1037360105332437
84906,-2.9749999999999996
84915,-1.213097871487998
84916,-2.651595744680851
84917,-1.4388297872340425
84924A,-0.33692722371967654
84926A,-5.208333333333333
84926D,-0.922197141098958
84926E,-0.24425351174282384
84926F,-1.543433211269881
84927A,-6.140350877192983
84927D,-2.456140350877193
84927E,-6.140350877192983
84927F,0.6140350877192983
84929,-0.5092592592592592
84945,-1.3346378767431402
84946,-3.585027849631297
84947,-3.836735337047199
84949,-6.5409432870370345
84950,-1.6414866526167904
84951A,-1.023258407427569
84951B,0.17767105540471848
84952A,0.0
84952B,-0.5023959269242287
84952C,-2.190972222222222
84968A,-5.449652777777779
84968E,-5.449652777777779
84968F,-5.829861111111112
84969,-0.8152330858085809
84970L,-0.4456219374747683
84970S,-0.93283077341318
84971S,-0.05965578972825357
84976,-3.4348333333333327
84978,-3.892984675673952
84987,-1.0308956916099772
84988,-1.6923044217687087
84991,0.22632402319902303
84992,-1.719486577261426
84997A,-6.11369475167387
84997B,-6.9653313365891645
84997C,-8.01646500205191
84997D,-6.708363429043214
85006,-1.4047619047619047
85008,-0.0
85014A,-2.194937021423917
85014B,-2.32215349198525
85015,-1.6986729023294884
85016,-3.688230994152047
85017B,-0.16472868217054265
85017C,-0.0
85019A,-3.0694444444444446
85019B,-4.25
85019C,-1.3165509259259258
85023B,-4.537037037037039
85027L,-1.325
85028S,6.46875
85031A,-6.6891891891891895
85032A,-1.0402298850574712
85032B,-1.4482758620689655
85032D,-0.0
85034A,0.53125
85034B,-2.241164259655132
85034C,-0.3632214841428996
85035A,-2.0519801980198022
85035B,-2.1817129629629632
85035C,-0.5186827710548834
85036A,-4.655003000300032
85036B,-2.0498376623376626
85036C,-0.4200997240927797
85038,-3.4623043099759494
85039A,-4.058485032362459
85039B,-1.7112487296747965
85039C,-0.14939024390243905
85040A,-1.0339303861788616
85045,-5.818452380952379
85048,-5.770229724702382
85049A,-0.1661638904407498
85049C,-0.2582644628099174
85049E,-0.7620035761340109
85049G,-0.32283057851239666
85049H,0.3000187157344192
85053,-2.6246454427018895
85054,-2.4598010335497533
85059,-1.9163578167115904
85061W,-2.0229510073260077
85062,-4.212885802469135
85066,-4.56560603073832
85071A,0.43176063705820367
85071B,0.22511602221141377
85071C,-0.643811917310629
85071D,0.7870370370370371
85078,-1.0174181427804616
85087,4.3382352941176485
85088,-1.6990846333880238
85093,-1.4534883720930234
85094,0.09827044025157237
85095,-3.3602009611183923
85099B,-4.235679252037742
85099C,-4.840960953653366
85099F,-4.661981249508456
85104,0.0
85107,-1.8617571059431526
85111,-6.510416666666667
85114A,-6.766666666666664
85114B,-6.64583333333333
85114C,-6.947916666666664
85116,-1.8643509127789046
85118,-2.525600835945663
85123A,-4.781332962311001
85125,-4.886054421768705
85129B,-4.204714610217006
85129C,-0.753271349862259
85129D,0.08608815426997246
85130B,-0.9895103359173123
85130C,-0.0
85130D,1.2790697674418605
85131A,-2.7456140350877196
85131B,1.984126984126984
85131C,1.131787802840433
85131D,0.6721861471861471
85132A,-6.218750000000001
85141,-2.278935185185185
85144,0.6839622641509434
85145,-4.346590909090909
85146,-1.2781250000000004
85150,-3.8871124031007764
85152,-2.8056051419117454
85159A,-3.5544321895424837
85159B,-1.8697712418300654
85160B,0.9689922480620157
85163A,-4.12048611111111
85163B,-2.740451388888889
85167B,-1.965277777777778
85168B,-3.5838803489821367
85169A,-1.1637254032805142
85169B,-0.25301204819277107
85169C,-3.317266222785883
85169D,-1.4676281881913629
85170B,-2.579305555555555
85170C,-2.072364532019704
85170D,-0.9275299788404285
85173,-1.4242504047519484
85174,-2.686874496040805
85175,-0.25609756097560976
85176,-1.6976981351981353
85177,0.030270655270655273
85178,-2.0393681129476584
85179A,-1.2472364262964069
85180A,-1.793304300887021
85180B,-1.520833333333333
85183A,-3.4375
85183B,-0.7430555555555554
85184C,-1.7564917960448099
85185B,-6.109374999999996
85187,-7.023437499999997
85198,-2.7857142857142856
85199L,-1.6458333333333335
85199S,-0.80420054200542
85203,-5.249999999999997
85204,-5.249999999999997
85206A,-5.898148148148147
85208,-3.6067073170731687
85211,-6.041666666666664
85212,-1.796875
85213,-0.0
85227,-0.12021901709401714
85230A,-2.8839285714285716
85230B,-3.0107421875
85230E,-3.1458333333333335
85230F,-2.46875
85230G,-1.234375
85231B,-1.9872507122507128
85231G,-2.4153846153846152
85232A,-5.312499999999997
85232D,-5.312499999999997
90014A,-0.0
90014B,-0.0
90014C,0.7107142857142857
90030B,-0.601010101010101
90032,-7.011217948717949
90043,-0.6586826347305389
90049,-0.6586826347305389
90057,-0.14602803738317754
90083,-5.659722222222222
90086,-2.385878010878011
90087,-0.998931623931624
90093,0.0
90125A,-0.6658333333333333
90125B,-0.6233333333333333
90125C,-0.6658333333333333
90125D,-0.6658333333333333
90146,-7.0
90154,-4.182692307692311
90164A,-2.7027027027027026
90164B,0.6756756756756757
90180A,-0.7107142857142857
90191,-2.602040816326531
90195A,-0.0
90195B,-0.0
90200D,-6.875000000000001
90200E,-7.187500000000002
90209A,-4.166666666666668
90209B,-4.809027777777779
90209C,-4.652777777777779
90210A,-0.6127450980392156
90210B,-0.688097033685269
90210C,-3.3810331825037707
90210D,4.166666666666668
90214C,-1.3020833333333333
90214D,-1.3020833333333333
90214E,-1.3020833333333333
90214G,-1.3020833333333333
90214I,-0.0
90214J,-1.3020833333333333
90214K,-1.3020833333333333
90214M,-1.3020833333333333
90214N,-6.510416666666667
90214S,1.1935763888888888
DOT,0.0
M,-0.5793788087390171
POST,-0.6034450781286224
