StockCode,UnitPrice,Quantity
22367,1.95,8
22556,1.65,12
22728,3.75,4
22730,3.75,4
22899,2.1,6
22629,1.95,12
22727,3.75,4
22631,1.95,12
22138,4.95,3
22726,3.75,4
22555,1.65,12
22613,0.85,12
23256,4.15,4
23255,4.15,4
23254,4.15,4
20685,7.08,10
23275,1.25,24
21217,8.95,24
22061,2.95,8
84879,1.69,16
23145,0.95,12
84692,0.42,25
22915,0.19,24
84945,0.85,24
23356,5.95,3
22398,0.39,12
84946,1.25,12
22178,1.95,12
21916,0.42,24
22113,4.25,4
23084,2.08,12
22481,0.39,12
23328,3.75,4
22466,1.95,12
22460,1.25,12
84832,0.85,24
21684,0.85,12
16016,0.85,10
20832,0.72,72
85038,1.85,48
20725,1.45,40
23552,2.08,6
23498,1.45,12
22894,9.95,2
22908,0.85,2
85049E,1.25,2
84993A,0.42,2
22721,1.95,1
79321,5.75,2
22567,1.45,1
22075,0.39,2
23338,2.08,1
23561,2.89,6
23562,2.89,6
22144,2.1,1
21809,0.39,2
22698,2.95,1
85049A,1.25,1
23126,4.95,1
37500,4.95,1
21351,6.75,1
22704,0.42,25
21803,0.42,2
22695,0.59,1
22816,0.42,24
20974,0.65,1
23681,1.65,10
23334,0.63,4
21790,0.85,1
22906,1.65,1
22386,1.79,10
85099C,1.79,10
23350,1.25,25
22411,1.79,10
23319,2.49,12
22993,1.25,12
21121,1.25,24
23293,0.83,8
23343,1.79,30
22083,2.95,6
22941,8.5,4
23570,1.25,12
22910,2.95,12
23353,0.83,12
22197,0.85,24
22086,2.95,12
21929,1.79,10
20713,1.79,10
23313,4.95,15
23199,1.79,30
23480,3.75,8
23201,1.79,20
84347,2.55,24
23344,1.79,20
21931,1.79,10
23318,2.49,12
23489,2.89,6
23376,0.39,24
23581,1.79,40
22991,1.95,12
22549,1.45,24
23215,2.08,12
22976,1.25,12
23550,0.42,25
21507,0.42,12
21122,1.25,24
21124,1.25,24
23515,2.08,6
23389,4.15,4
21914,1.25,12
23298,4.95,9
23037,1.65,12
21918,0.42,24
84997C,4.15,8
22622,11.95,6
84997B,4.15,8
84997D,4.15,8
22585,1.25,12
22711,0.42,25
23205,0.85,10
23229,3.75,6
21497,0.42,25
21506,0.42,12
22907,0.85,12
22080,1.65,10
22736,1.65,10
22081,1.65,10
22992,1.95,12
22328,2.95,6
22326,2.95,6
21258,12.75,2
22621,1.65,12
21257,7.95,2
23111,12.5,2
23238,4.15,6
23237,4.15,6
22074,0.39,12
22077,1.95,12
22624,8.5,4
22627,8.5,4
23245,4.95,4
48187,8.25,1
21313,0.85,1
85053,2.1,2
21169,1.69,1
21137,3.39,24
23197,1.45,4
23326,0.63,6
44234,0.21,1
23182,0.83,1
22227,0.65,10
23317,9.95,1
23167,0.69,96
23168,1.04,36
21314,1.85,48
23110,5.75,2
21755,6.25,1
21012,2.1,2
22794,7.95,1
21481,3.75,4
22331,1.65,8
20750,7.95,2
22141,2.1,6
22139,4.95,3
22505,4.95,4
22175,2.95,6
23077,1.25,20
22834,2.1,12
21479,4.25,4
22464,0.79,24
84971S,0.39,48
23355,4.95,4
22625,8.5,2
21417,0.79,84
22465,0.79,24
22909,0.85,1
23525,3.75,1
23371,1.25,1
23537,4.95,1
23524,3.75,1
23382,3.75,1
23527,3.75,1
21222,1.25,1
84519A,1.25,1
35004B,5.45,2
21224,1.25,1
21329,1.65,1
21670,1.45,1
84519B,1.25,1
85123A,2.95,1
21591,1.25,1
22561,1.65,1
21669,1.45,1
22694,2.1,1
23034,1.45,1
22956,0.79,1
23033,1.45,1
23190,1.65,1
23193,2.25,6
21673,1.45,1
22985,0.42,25
21220,1.25,1
85071C,0.39,1
84380,1.45,4
21355,1.25,1
23040,5.75,1
23122,0.83,1
21208,0.39,1
21194,0.65,2
23194,2.25,1
22469,1.65,1
21668,1.45,1
23320,1.25,1
79066K,0.85,1
79191D,0.85,1
23041,4.15,3
79191B,0.85,1
23349,1.25,3
21328,1.65,1
22068,0.39,1
22095,0.39,1
20727,1.65,1
21990,1.25,1
20936,1.25,1
22185,0.79,12
21111,1.25,24
23301,1.65,24
22442,1.95,12
21620,1.25,12
21109,1.95,12
84029G,4.25,8
22112,4.95,6
21705,0.39,24
22171,8.5,4
22111,4.95,6
21108,0.79,18
21485,4.95,3
22754,0.21,12
22753,0.21,12
22394,0.39,12
17091J,0.38,66
22755,0.21,12
22200,1.25,2
35471D,0.39,12
84031A,1.25,10
22199,1.25,13
84032A,0.79,9
22500,1.25,4
84031B,1.25,14
84032B,0.79,9
22059,0.39,12
22646,0.39,4
22645,0.39,4
22644,0.39,4
22069,0.39,20
22596,0.39,24
23270,1.45,4
22153,0.42,1
20668,0.12,24
22155,0.42,6
22576,0.85,2
21810,0.39,6
22087,2.95,6
22952,0.55,10
22573,0.85,8
22734,2.89,4
21209,0.39,5
23103,1.65,8
23210,1.25,12
23274,1.65,8
22785,1.25,12
21564,0.79,24
23143,3.95,4
22942,2.95,12
22447,1.25,12
22299,0.39,48
22495,0.79,12
23151,0.79,12
22544,0.19,96
22545,0.19,96
20704,1.95,8
23425,0.79,12
84356,1.95,12
22807,1.25,12
22808,1.25,12
85173,0.79,12
22165,3.95,12
21731,1.65,24
21563,0.79,24
22811,1.25,12
82486,8.95,4
85066,12.75,4
15056BL,5.95,36
23351,1.25,12
22076,0.39,24
22423,12.75,10
22798,2.95,36
23535,5.95,12
23437,1.25,12
20831,0.79,12
22835,4.95,4
21462,1.95,8
22314,1.25,24
21877,1.65,12
22313,1.25,12
23598,2.95,6
22539,0.19,48
48138,7.08,10
15056N,5.95,36
22699,2.95,12
22664,0.79,20
21115,1.95,8
23438,1.25,12
22215,2.95,6
21871,1.65,18
22633,2.1,18
23439,2.1,36
72800E,0.79,12
16169E,0.42,25
22865,2.1,24
22632,2.1,12
21523,7.08,10
22697,2.95,12
22190,0.39,24
23173,9.95,6
22220,2.95,6
23367,0.65,24
22554,1.65,12
22551,1.65,12
23388,4.15,4
10125,0.85,20
22716,0.42,12
23390,4.15,4
21559,2.55,6
20718,1.25,10
23204,0.85,10
20724,0.85,10
79190A,0.42,15
79190B,0.42,15
22356,0.85,10
22151,0.42,24
22252,1.25,12
71459,0.85,12
23571,1.65,12
22182,1.25,24
23118,6.65,16
22179,5.95,24
22560,1.25,24
23207,1.65,10
23352,1.25,12
22768,9.95,12
85099B,2.08,10
22489,0.42,24
22617,4.95,18
23203,2.08,20
22491,0.85,12
20749,6.35,84
23251,1.04,96
22371,3.95,12
21875,1.06,36
23300,1.45,48
22485,10.95,12
22476,1.95,8
84819,0.79,16
23302,0.79,24
22123,0.79,24
22496,0.79,12
84029E,4.25,8
22072,1.25,24
23178,1.25,12
23533,1.95,6
23464,4.95,4
23463,9.95,2
22513,0.79,8
48111,7.08,10
22791,1.25,12
21326,0.65,12
23530,4.95,12
84077,0.29,48
20981,0.85,12
22078,2.1,10
22749,3.75,4
84947,1.25,24
22457,2.95,6
20982,0.85,12
84970L,1.25,12
23127,4.95,4
23503,1.25,12
22170,6.75,8
22747,2.1,6
23424,4.95,8
23445,0.83,20
23082,3.75,6
23002,0.42,24
84596B,0.42,16
22670,1.25,24
23428,8.15,2
72760B,9.95,2
22114,4.25,8
22720,4.25,16
23198,1.25,48
16014,0.42,60
85152,1.85,48
47504H,0.79,36
23000,0.42,24
23493,1.95,30
23243,4.95,12
23165,1.45,48
21872,1.25,12
82581,0.55,48
22994,0.42,48
84510A,1.25,20
21874,1.45,36
21175,2.08,48
82600,1.85,48
22667,2.55,24
22666,2.55,24
47559B,1.25,10
22628,4.95,16
23430,8.15,2
23358,1.25,18
23184,4.95,8
21908,2.1,36
22998,0.42,72
23240,4.15,6
21154,1.25,10
23004,0.42,48
21216,4.25,24
21159,0.39,24
21248,1.45,12
21181,1.85,48
21158,0.39,24
21162,0.39,24
23429,8.15,2
21533,4.95,6
23166,1.04,48
22467,2.55,6
84596F,0.42,32
22217,0.39,12
22723,1.25,12
22118,1.25,18
22119,1.95,12
23141,0.79,12
23239,1.65,6
23272,0.39,12
22581,0.29,48
23235,1.25,12
22216,0.29,24
22380,0.79,20
22955,0.79,24
22167,9.95,1
20615,0.75,1
21253,0.79,1
72819,1.25,1
20726,1.65,1
16225,0.39,1
20652,1.25,1
21867,1.25,1
22989,3.25,1
20616,0.75,1
20717,1.25,1
84509B,3.75,1
22507,4.95,1
22897,1.45,1
21524,8.25,1
22108,1.25,1
22744,0.79,1
23132,5.75,1
22529,0.42,1
84012,0.85,1
21832,1.65,1
22208,0.83,1
22130,0.85,6
22845,6.35,1
21944,0.39,3
16237,0.21,1
21786,0.42,1
22030,0.42,12
23080,8.25,1
23295,0.83,1
22419,0.42,1
21055,8.95,1
23296,1.25,1
22990,1.95,1
82494L,2.95,6
22784,4.95,3
82482,2.95,6
23171,1.65,12
23172,1.65,12
22795,6.75,6
23170,1.65,12
23131,4.15,3
48185,8.25,1
23283,8.25,1
22818,0.42,12
48194,8.25,1
48184,8.25,1
22142,1.45,1
22690,8.25,1
22867,2.1,2
21411,1.95,2
21446,1.25,1
47580,2.55,1
21843,10.95,1
20772,2.55,1
21846,4.95,1
21704,0.85,1
51014C,0.39,12
23085,10.4,1
22320,5.95,1
21986,0.39,1
22121,5.95,2
85169C,1.25,2
22209,0.83,1
20931,1.25,1
22364,2.95,1
21985,0.39,3
22543,0.19,1
21629,7.95,1
22348,0.85,1
22571,0.85,2
84976,0.79,3
85174,4.95,1
84030E,4.25,2
72598,0.85,2
22067,0.39,2
84600,7.95,1
84429A,2.95,2
20868,0.39,4
85111,0.29,2
22758,0.39,2
17012F,0.85,2
21371,0.75,2
17084N,0.21,25
23357,1.65,4
21791,1.25,3
21703,0.42,3
90214C,0.29,1
22866,2.1,2
20869,0.39,4
22757,0.39,1
22389,0.39,3
21365,0.75,4
23180,1.65,1
21167,0.21,75
72801D,1.25,3
72801C,1.25,3
20996,0.19,2
23280,0.83,12
23281,0.83,12
22999,0.42,12
23330,1.25,4
23569,4.95,3
22966,1.25,5
21034,0.95,1
23329,1.65,2
23005,0.42,10
21123,1.25,1
23331,0.63,6
22996,0.42,11
23395,3.75,2
21889,1.25,3
35964,0.39,2
22995,0.42,8
22964,2.1,2
23597,2.95,1
23396,3.75,2
23394,3.75,2
23542,6.67,12
23401,4.15,18
23135,3.32,18
23404,3.26,10
82484,4.8,12
23531,4.76,12
22188,2.31,10
23553,10.95,10
22189,2.31,10
23133,7.05,10
23497,1.45,12
21890,3.25,6
22446,1.25,12
21891,1.45,12
22752,3.95,12
22607,9.95,4
23583,1.65,10
22432,1.95,6
23310,0.42,36
22433,1.95,6
22343,0.19,24
21980,0.39,24
22383,1.65,10
22431,1.95,6
22344,0.19,24
22346,0.19,24
21982,0.39,24
21984,0.39,24
23551,0.39,24
22345,0.19,24
22192,8.5,2
23576,1.95,8
22756,0.39,12
22509,3.95,4
22191,8.5,2
48129,8.25,2
22310,1.65,6
22960,4.25,6
23575,1.95,8
23697,0.42,12
22441,2.1,8
22366,8.25,2
22692,8.25,2
22350,2.55,6
23269,1.45,1
22597,0.29,2
22470,2.95,1
22475,1.95,2
22598,0.29,4
22599,0.29,2
21901,0.65,3
35961,0.85,2
23227,1.25,4
23209,1.65,4
23206,1.65,2
23083,3.75,2
85135C,7.95,1
21770,4.95,1
23407,9.95,2
22703,0.59,1
22674,1.25,1
22109,3.75,1
21535,2.55,6
22619,3.75,8
22626,8.5,2
22193,8.5,4
20978,1.25,16
21285,0.39,12
23483,1.25,12
23694,0.42,12
21284,0.39,12
84755,0.65,16
21519,0.42,12
23695,0.42,12
22395,0.39,36
90087,0.19,48
90086,0.19,48
22393,0.39,36
22546,0.19,48
22547,0.19,48
23284,7.08,10
23314,12.5,2
23523,3.75,6
22492,0.65,36
22530,0.42,24
20972,1.25,12
22493,1.65,12
71477,3.95,12
23308,0.55,24
22536,0.42,24
22800,3.75,4
22741,0.85,48
22743,0.79,12
23375,0.82,10
23380,0.39,24
16168M,0.42,24
22584,2.55,12
22961,1.45,12
22675,1.25,24
21899,0.65,24
22840,7.95,4
21900,0.65,24
21742,5.95,2
21902,0.65,24
22672,1.65,12
90210C,1.0,10
90210B,1.0,10
90057,1.25,24
85014B,5.95,3
22282,12.75,2
22472,1.95,8
84820,0.79,16
22391,0.39,24
72799E,0.79,12
22914,4.95,3
21155,2.55,6
22405,0.39,12
79302M,2.95,6
84509G,1.25,12
23522,1.25,12
84821,0.19,24
22766,2.95,8
84707B,1.95,12
22767,9.95,2
23415,0.39,12
22796,9.95,2
84817,0.39,48
22390,0.39,12
21442,0.19,24
22742,0.79,12
22057,0.39,16
20679,5.95,3
23029,1.65,6
22410,0.39,12
22647,0.39,36
22169,8.5,2
22473,1.95,8
21286,0.59,12
22283,7.95,2
21210,1.45,12
23341,8.5,2
21903,1.85,48
22064,0.39,48
22055,0.39,16
22600,0.85,12
23265,1.25,12
22603,0.85,12
23222,0.83,12
23213,1.25,12
22338,0.19,24
23212,1.25,12
23247,2.89,6
23234,2.89,6
22273,2.95,6
22750,3.75,4
21065,1.25,1
22659,1.95,1
84006,0.85,12
20674,1.25,6
23309,0.55,24
21232,1.25,4
22406,0.39,1
21231,1.25,4
23158,2.08,1
22422,0.12,1
22923,0.85,12
23156,2.08,1
84596G,0.42,8
22951,0.55,2
90214K,0.29,1
22686,1.25,2
90214N,0.29,1
23510,0.42,1
20677,1.25,6
23236,2.89,1
21977,0.55,3
82582,2.1,6
20914,2.95,3
23307,0.55,4
84991,0.55,8
23316,9.95,1
21166,2.08,12
70007,0.79,6
85199S,0.42,1
20676,1.25,6
23155,0.83,6
22630,1.95,2
84992,0.55,2
21132,1.25,1
22844,8.5,1
84707A,1.95,4
20675,1.25,6
35648,0.83,1
47566,4.95,1
22890,9.95,1
70006,0.79,4
22115,0.79,5
37448,1.49,6
21415,0.79,1
22438,0.39,2
23579,1.95,2
21218,3.75,1
22116,0.79,2
37450,2.95,2
21212,0.55,2
90089,0.19,1
23179,1.25,1
21098,1.25,12
46000S,1.45,4
84978,1.25,12
22852,4.25,12
22853,3.25,12
22900,3.25,53
23202,2.08,19
85099F,2.08,10
23507,0.42,20
20719,0.85,10
23506,0.42,20
22027,0.42,12
22748,2.1,6
23191,1.65,12
22746,2.1,6
22037,0.42,12
20973,0.65,24
23208,1.65,10
23370,1.25,16
22745,2.1,6
22028,0.42,12
22382,1.65,10
22738,1.65,10
22531,0.42,48
22636,8.5,2
84536A,0.42,16
22532,0.42,24
22970,2.55,18
23505,1.25,12
22434,1.95,8
23292,1.25,8
21917,0.42,24
21495,0.42,25
22453,2.95,12
21498,0.42,25
21383,0.65,12
23153,3.75,4
22084,2.95,6
72349B,2.1,1
23487,9.95,1
22809,2.95,1
22801,3.39,16
21441,0.19,24
22445,2.95,2
22662,1.65,10
23526,5.95,4
22319,0.19,24
23417,0.39,1
21408,1.95,1
23291,1.25,1
21592,0.39,2
23014,3.95,1
21164,2.95,1
22822,5.95,1
23345,1.25,1
22094,0.39,1
23290,1.25,1
21509,0.42,12
90214R,0.29,1
22098,0.39,1
22327,2.95,1
22722,3.95,1
23454,4.15,1
23346,1.25,2
22212,2.1,2
23490,3.75,1
22379,2.1,1
22988,1.25,1
22096,0.39,1
23108,5.39,12
23416,0.39,1
23148,0.83,2
23452,1.95,6
22203,1.25,3
21819,0.39,36
23147,1.45,6
23107,0.79,4
23381,0.39,12
85061W,0.85,24
22303,2.55,6
21733,2.95,1
23266,1.25,12
22207,4.25,2
22300,2.55,6
22071,3.75,3
84836,1.25,12
22789,1.95,4
35970,1.69,12
22979,1.45,2
23661,1.65,6
22574,0.85,30
21430,3.75,1
22592,3.75,5
21080,0.85,3
22204,1.25,2
22930,2.55,1
23479,7.85,2
22688,8.25,1
22070,3.75,2
22928,5.95,1
23144,0.83,12
21967,0.39,12
22301,2.55,6
22201,1.25,2
22614,0.39,12
22110,2.55,2
23582,2.08,10
23196,1.45,6
22302,2.55,12
23660,1.65,6
84792,4.65,3
22553,1.65,2
22725,3.75,16
23188,1.65,12
23230,0.42,50
23546,0.42,50
23545,0.42,75
22150,1.65,40
23231,0.42,50
84949,1.45,72
22593,0.85,3
85150,2.55,3
23264,1.25,2
21873,1.25,1
23267,1.25,1
21068,1.25,3
23323,2.1,1
23263,1.25,2
22595,0.85,12
23223,0.83,2
23453,1.95,1
23451,1.95,1
22594,0.85,3
22558,1.65,2
21754,6.25,1
22577,0.29,1
22805,1.25,1
22097,0.39,1
22643,0.79,2
20733,0.85,1
21619,1.25,2
20986,1.25,1
21976,0.55,1
22642,0.79,2
85169A,1.25,1
85231B,0.85,5
23252,3.75,1
20975,0.65,1
22276,2.55,1
23074,2.08,1
85026B,0.85,2
79063C,0.19,1
22402,0.39,2
22651,0.85,2
47469,0.65,2
21878,0.85,1
21718,1.25,1
21894,1.25,2
22132,0.85,2
22091,0.39,3
21715,2.55,2
21136,1.69,1
15056P,5.95,1
22638,0.79,2
22534,0.42,3
23366,0.65,1
15039,0.85,1
22211,0.83,1
21439,1.25,1
90214E,0.29,1
22557,1.65,2
22620,1.45,1
21530,0.79,1
21494,1.25,2
23398,0.85,1
21808,1.25,2
22563,1.25,1
23399,0.85,1
20686,3.25,1
22210,0.83,1
22474,1.95,1
23123,0.83,1
21064,1.25,1
22124,0.79,1
21739,2.95,1
22533,0.42,1
90214I,0.29,1
23504,1.25,1
22940,4.25,1
21993,1.25,1
21638,2.1,1
20992,0.39,1
M,0.42,3
22280,1.25,1
22564,1.25,2
21172,1.45,2
23189,2.89,1
22279,1.25,1
23340,1.65,1
22522,0.85,1
21640,0.85,1
22671,1.65,1
22196,0.85,3
22099,0.39,1
85176,0.85,1
22938,1.95,1
23368,0.65,1
23100,1.25,2
22562,1.25,1
90214P,0.29,1
21260,3.25,1
85015,0.65,1
22195,1.65,2
72741,1.45,9
22510,0.79,2
23494,5.95,3
23109,2.89,6
23426,2.89,6
23339,2.08,4
22413,2.95,4
23321,1.65,4
22932,2.55,4
22935,3.25,4
22511,0.79,2
22936,3.25,4
82583,2.1,6
20961,1.25,10
20963,1.25,10
22931,2.55,6
23543,4.15,2
23336,2.08,4
23337,2.08,4
47591D,1.95,8
21930,2.08,10
22819,0.42,12
79160,2.1,1
22980,1.65,3
23557,12.5,1
22587,0.85,1
22751,3.75,1
22309,2.55,2
23335,2.08,4
23013,3.95,2
22308,2.55,2
23457,4.95,4
23092,7.9,4
20970,3.75,1
23374,0.82,12
90214L,0.29,12
90214D,0.29,12
90214A,0.29,12
21429,1.95,8
90214S,0.29,12
22920,0.65,9
22429,4.25,1
23250,1.25,3
22972,1.65,2
22691,8.25,3
22918,0.65,12
84378,1.45,3
22424,12.75,1
22917,0.65,8
22031,0.42,12
22029,0.42,12
23012,3.95,4
22385,2.08,10
85136C,7.95,1
48116,8.25,4
22776,9.95,2
37495,3.75,4
21756,5.45,18
23081,8.25,1
21623,9.95,1
22982,1.25,2
23359,1.95,1
21912,3.75,4
21933,1.65,10
21616,3.75,6
85179C,1.25,12
35953,0.39,12
35967,0.39,12
22550,3.75,4
22228,0.39,12
22295,1.65,12
22779,4.25,4
22780,4.25,4
22163,0.79,12
22231,0.59,12
23538,4.95,2
21484,4.25,3
72783,2.1,4
23534,5.95,1
72780,0.85,4
21344,9.95,2
23232,0.42,25
23378,0.39,12
17012C,0.85,4
22221,2.95,6
22566,0.85,4
21327,1.65,2
20979,1.25,2
72122,0.95,3
17012D,0.85,6
22439,0.65,10
23128,4.95,2
23076,1.25,24
85032B,0.65,2
22669,2.95,5
22586,0.85,6
85032C,0.65,2
85019B,1.25,2
21975,0.55,4
22668,2.95,5
22417,0.55,6
22277,2.1,4
22360,2.95,4
85032A,0.65,2
85019A,1.25,2
22969,1.45,12
23536,5.95,4
23556,12.5,3
23558,12.5,3
23555,12.5,3
23554,12.5,3
22971,2.55,12
84251G,0.19,12
16156S,0.42,25
22045,0.42,25
22986,0.42,25
21499,0.42,25
22487,9.95,1
22905,1.25,3
23455,2.89,2
72811,1.49,2
23360,1.95,2
22673,1.25,2
23019,8.25,1
23106,0.79,2
85034B,1.25,2
23578,1.95,2
72800B,0.79,12
85059,3.75,2
72800C,0.79,12
22488,1.65,6
82483,6.95,2
23459,12.5,2
21865,2.1,2
22841,7.95,1
23548,0.42,25
47421,0.42,3
23211,1.25,5
22663,2.08,1
22092,0.39,2
21926,1.25,8
72351A,2.1,1
22420,0.42,14
22916,0.65,2
84828,1.25,1
22041,2.55,3
22953,1.25,1
22701,0.79,12
23241,2.08,3
22775,1.25,12
23322,2.95,2
21866,1.25,2
22921,0.65,2
23220,0.83,7
22384,1.65,2
84375,2.1,1
23075,4.15,1
23224,0.83,5
47563A,1.25,4
23214,2.08,1
22498,5.95,1
23500,1.25,2
20969,3.75,1
22806,1.25,12
23221,0.83,4
22430,4.95,1
22893,0.42,12
21174,2.08,1
23192,1.65,2
84920,3.75,3
21262,2.95,1
21864,2.1,2
21935,1.65,2
23228,1.25,1
22919,0.65,2
22365,8.25,1
84951B,0.79,1
23532,1.95,6
23391,4.15,4
22355,0.85,10
84997A,4.15,4
22959,0.42,25
23512,2.08,2
23511,2.08,2
22739,1.65,3
22352,2.55,1
22604,2.55,1
22616,0.39,1
16238,0.21,1
23499,0.42,1
22582,2.55,1
21588,2.55,1
23501,1.25,1
21544,0.85,1
23369,1.25,1
23101,0.83,2
16236,0.21,1
21561,2.55,1
21724,0.85,1
20712,2.08,1
23469,4.15,2
21189,1.65,12
21259,5.95,12
22763,9.95,2
22304,2.1,36
23053,8.25,2
23233,0.42,25
16008,0.12,48
22737,1.65,10
21576,2.25,6
17003,0.39,72
22709,0.42,25
23560,2.89,12
20933,2.95,1
22363,2.95,1
23427,12.5,1
23413,4.95,3
20932,1.25,1
22361,2.95,1
21876,1.65,2
23496,1.25,2
23400,6.25,1
22804,2.95,1
22924,0.85,12
22922,0.85,12
82567,2.1,4
22948,0.85,7
22362,2.95,1
23508,0.42,3
23509,0.42,2
21135,1.69,8
22063,0.79,18
23176,2.25,8
22090,2.95,12
22046,0.42,25
22712,0.42,12
22708,0.42,25
21508,0.42,12
23163,2.49,8
51014A,0.39,24
21051,2.1,6
85071B,0.39,24
85199L,0.65,60
16258A,0.19,36
22421,0.42,48
20983,0.85,24
23461,4.15,4
22418,0.85,48
22661,0.85,10
35004G,1.95,12
35001G,1.25,12
84535B,0.65,2
85232D,4.95,1
22896,2.55,1
22654,5.95,2
22305,2.55,12
21880,0.65,2
23372,1.25,1
22895,3.25,1
21883,0.65,2
22718,0.42,12
22851,0.85,1
84843,5.95,2
23289,1.25,2
22898,1.95,2
22891,4.25,2
22219,0.85,4
90081C,4.95,1
90161D,4.95,2
22173,3.29,4
90082A,6.35,1
90022,3.75,2
90183A,2.95,1
90161A,4.95,2
90200A,4.25,3
21818,0.39,5
23035,1.45,18
90200E,4.25,3
90200D,4.25,3
21730,4.95,1
90214H,0.29,1
90081A,4.95,2
23559,2.08,1
21370,1.65,3
22269,0.39,16
90192,4.95,2
90161C,4.95,2
90161B,4.95,2
90073,4.95,2
90200B,4.25,3
84880,7.5,2
90082B,6.35,1
20728,1.65,10
21698,0.39,24
23294,0.83,8
21088,0.19,24
21213,0.55,24
21420,0.79,24
22312,2.95,10
21907,2.1,12
21128,1.95,8
22814,0.42,12
21265,1.95,12
84625A,0.85,24
23271,0.83,16
23473,0.83,24
23347,1.25,24
23474,0.83,24
23174,4.15,4
23113,4.95,3
23580,1.95,8
23475,0.83,24
23112,6.65,12
22483,2.55,48
84806A,0.39,24
47593B,0.39,96
22973,1.45,48
84804B,0.79,36
21156,1.65,60
22471,1.95,32
21671,1.25,96
84805B,1.25,24
21366,4.25,1
21915,1.25,2
85204,0.12,8
21625,6.95,1
21373,0.75,7
90214G,0.29,1
44235,0.42,2
75049L,1.25,6
90214F,0.29,1
22578,0.29,11
22641,0.79,3
20682,3.25,12
23154,2.08,12
23089,1.65,36
21936,2.95,10
23200,2.08,10
21928,2.08,10
22981,1.45,1
23079,8.95,1
21452,2.95,1
23392,2.08,1
85114B,1.65,2
22634,9.95,2
23242,2.08,1
23286,0.85,3
23354,0.83,1
22635,9.95,1
21974,1.45,1
21378,0.39,12
21379,0.39,6
22967,2.95,6
22254,1.25,12
22255,0.85,12
23466,8.25,2
21015,0.29,24
23031,1.65,6
21456,1.25,12
22771,1.25,12
21377,0.39,6
23139,0.39,5
37449,9.95,1
85062,1.65,24
84968E,12.75,1
22187,1.95,6
23332,1.65,6
23691,0.42,25
22158,2.95,8
85048,7.95,1
23099,6.65,1
23115,4.95,1
22232,0.59,8
85130B,0.79,1
85130C,0.79,1
82578,0.55,4
82580,0.55,4
22233,0.59,1
23333,1.25,3
22082,1.65,5
85039A,1.65,2
71053,3.75,1
22224,2.95,2
85130D,0.79,1
22315,1.25,1
20781,1.95,1
21622,4.95,1
46000R,1.45,2
22426,3.75,1
22786,1.25,2
21714,1.25,6
22733,1.25,3
22425,4.95,1
22079,1.65,2
22107,1.25,1
46000M,1.55,1
22602,0.85,3
23090,0.83,24
84950,0.65,12
21991,1.25,3
21981,0.39,12
22085,2.95,3
23365,0.65,5
22653,1.95,2
21679,0.85,6
20759,0.85,1
22732,1.25,1
21989,0.85,2
22437,0.85,5
21418,0.79,1
20758,0.85,1
22615,0.39,12
23311,2.55,1
23502,1.25,3
72351B,2.1,3
21035,3.25,4
23249,1.65,1
22568,3.75,12
21504,0.42,24
22983,0.42,24
21700,0.85,3
90129B,2.95,1
90129F,2.95,1
23104,12.5,1
22435,1.25,1
22400,0.39,1
90129C,2.95,1
22623,5.95,3
21913,3.75,4
84826,0.19,60
10135,1.25,10
21726,0.85,12
22813,1.95,12
47590B,5.45,3
23060,2.08,2
85049G,1.25,3
23441,0.42,2
85049C,1.25,2
21454,0.85,6
23442,2.08,8
84708B,4.95,1
21455,0.85,1
23067,4.15,1
84711B,9.95,1
23435,0.79,3
23434,0.79,5
22281,5.95,1
21932,1.65,10
22610,0.19,72
84509E,0.79,12
85212,0.29,24
22266,0.19,64
90030B,1.0,6
22608,0.19,36
23491,8.25,6
22297,1.25,24
21650,0.19,24
21340,12.75,1
22975,1.25,5
22773,1.25,12
23088,1.25,16
21672,1.45,12
22334,1.65,8
22660,7.08,10
22436,0.65,20
22333,1.65,8
22731,1.25,18
23495,1.25,12
22965,2.1,6
72799C,0.79,12
21204,1.65,2
16011,0.21,25
47503H,0.79,1
21680,0.85,6
21219,1.25,1
21221,1.25,1
21084,0.19,2
21090,0.39,4
16235,0.21,30
85034C,1.25,5
21828,1.25,2
22540,0.19,6
20971,1.25,2
85039B,1.65,1
85040A,1.65,1
20723,0.85,20
23408,2.08,6
20755,0.85,12
21833,1.69,12
21466,3.75,6
21584,1.65,9
22428,6.95,1
20761,3.75,1
23342,8.5,2
22802,7.95,1
22065,0.39,4
21630,8.95,1
22696,1.95,1
84968D,12.75,1
22403,0.39,12
23403,3.75,8
23078,1.25,24
23137,1.25,5
21745,3.75,8
16161P,0.42,25
21534,4.95,6
22601,0.85,12
21196,1.65,12
22774,1.25,12
21198,1.65,12
23467,3.29,6
23026,2.08,6
23419,2.08,12
23058,0.79,12
22997,0.42,24
21822,0.79,12
22639,0.79,32
20839,0.85,12
23405,4.95,4
23574,7.5,1
21245,1.45,96
22706,0.42,25
21242,1.45,96
23312,4.15,24
22815,0.42,12
84926D,0.29,24
21463,5.95,2
79051A,0.29,24
84927F,0.39,12
22174,1.65,24
22407,0.39,12
22478,1.25,20
20846,1.25,24
23186,0.29,48
22937,2.55,12
21469,3.75,6
85225,1.0,1
22278,4.95,3
23114,4.95,9
23244,1.95,6
21537,4.25,8
21955,7.08,10
84661A,0.79,12
20985,1.25,12
84661B,0.79,12
21531,2.55,6
37446,1.45,3
84926F,0.29,2
21925,1.25,2
23169,4.15,1
20840,0.85,3
21263,1.95,1
85180B,4.65,4
85179A,1.25,4
22101,2.1,6
22131,1.95,3
22117,2.95,3
48188,8.25,1
20956,1.25,12
21390,1.25,6
90093,0.19,20
90214Y,0.29,48
22024,0.42,12
22713,0.42,12
21425,2.95,6
21427,2.1,6
62018,1.95,6
85107,1.69,48
22792,0.72,64
22093,0.39,1
21358,1.25,1
20828,2.55,6
22066,0.39,4
20618,2.1,1
20768,2.55,6
20769,2.55,6
84212,0.65,48
23547,0.42,25
22984,0.42,12
85230B,0.29,24
22682,1.25,10
21934,1.65,10
22714,0.42,12
22186,2.95,6
23219,1.25,12
22156,0.85,48
21292,0.19,96
22486,3.95,6
84813,2.95,16
23482,1.65,12
47480,1.45,96
23217,1.25,12
22294,1.25,24
23175,3.25,4
22944,1.25,12
23273,1.65,9
21385,0.85,24
23432,0.83,12
20764,3.75,1
35095B,0.42,3
35095A,0.42,3
20767,2.55,1
21428,4.25,2
23393,3.75,1
23061,1.25,6
21844,2.95,2
22335,0.65,7
22357,4.25,1
22161,0.19,64
20829,2.1,3
22508,3.75,1
22414,3.95,1
21131,1.25,6
85114C,1.65,5
21947,1.25,1
23117,4.95,1
21988,0.85,2
82613D,1.25,1
22452,2.95,1
21042,5.95,1
21987,0.65,2
15044C,2.95,1
82001S,3.75,3
75178,1.25,1
22214,0.79,1
23216,1.25,1
22154,0.42,4
23006,0.42,1
20735,0.85,2
22316,1.25,1
22494,1.25,1
22135,0.42,2
22515,2.1,1
22499,5.95,3
23406,6.25,2
22678,1.25,1
22133,0.85,2
22679,1.25,1
22222,4.95,1
82613B,1.25,1
21094,0.85,12
21086,0.65,12
22512,0.79,1
84661C,0.79,1
23185,0.29,9
22166,2.95,96
84086B,2.95,1
22517,2.1,1
21983,0.39,12
21621,8.5,1
20659,1.25,1
84658,6.95,2
22588,2.89,6
47310M,1.25,2
22262,0.85,4
46118,0.85,4
21892,1.25,2
21716,2.55,1
23315,9.95,3
20771,2.55,2
23418,2.08,1
20762,3.75,1
21039,2.55,1
82616C,1.25,4
22448,1.25,1
21264,1.95,1
21945,0.39,1
22329,1.65,1
20782,1.95,1
21850,4.95,1
22409,1.25,1
21238,0.85,1
22359,2.95,1
22650,1.45,1
23136,3.75,4
21693,2.95,6
21689,3.75,4
23016,7.85,2
85014A,5.95,1
82551,1.45,1
21165,1.69,1
21713,2.1,2
79157B,0.85,1
23540,2.55,1
23521,1.25,1
46776B,4.95,2
21287,0.38,12
22799,2.95,1
22306,1.06,6
23120,0.42,1
23020,12.5,1
21401,0.12,3
15030,0.29,2
23121,0.42,1
20867,1.25,1
85136A,7.95,1
21403,0.12,3
22375,4.25,1
22307,1.06,4
22274,2.95,2
22374,4.25,2
21261,2.95,1
22376,4.25,1
20866,1.25,1
22372,4.25,2
21579,2.25,12
21557,2.95,6
20705,1.95,8
22705,0.42,25
23565,1.25,12
23564,1.25,12
85104,1.25,2
22863,2.95,1
20763,3.75,1
22038,0.42,25
22583,2.55,1
21059,0.85,3
79149B,0.42,1
85071D,0.39,1
84510E,0.21,3
23544,3.95,1
84926E,0.29,4
85071A,0.39,2
22408,0.39,12
23305,1.95,12
23304,1.95,12
23379,0.39,2
90099,2.55,1
23377,0.39,2
84051,0.85,2
23481,1.25,1
23068,2.49,5
90083,0.19,12
21381,1.69,1
22440,0.42,10
85227,0.85,1
84199,0.21,2
21922,7.95,2
21812,4.95,1
21813,4.95,1
23287,0.85,8
22023,0.42,12
23021,4.15,4
22468,6.75,2
23036,1.25,12
22025,0.42,12
21666,0.65,12
22456,4.95,3
22710,0.42,25
21788,0.85,24
21787,0.85,24
22396,0.39,12
84970S,0.85,24
21191,2.1,4
22042,0.42,12
84806B,0.39,24
84679,3.95,4
90195A,2.95,6
84805A,1.25,12
84804A,0.79,12
22640,0.79,4
21317,5.45,4
21240,0.85,8
21243,1.69,8
21239,0.85,8
84509A,3.75,4
48173C,8.25,2
21249,2.95,6
21905,0.79,72
22100,0.39,108
22939,4.25,50
21706,4.95,4
79191C,0.85,12
21707,4.95,4
85096,3.75,1
84674,2.95,1
21642,0.29,2
22810,2.95,1
90114,2.55,2
22377,2.1,2
90094,2.55,1
20699,2.55,1
85049H,0.83,9
21675,1.63,2
84536B,0.83,2
84673B,1.63,1
22580,11.63,3
85168B,8.29,2
85180A,9.13,1
22341,3.29,3
84951A,2.46,2
21116,8.29,1
22324,4.13,1
84569A,2.46,1
21948,2.46,3
23129,8.29,2
72812,4.13,1
51014L,0.83,7
22261,1.63,2
23162,7.46,1
22943,10.79,1
85129D,2.46,21
15044A,5.79,1
23225,1.63,1
85131B,0.83,10
85129B,2.46,1
85177,1.63,2
85170D,4.13,3
20653,2.46,1
23119,1.25,5
84580,4.13,1
22945,1.8,6
22591,6.63,5
21949,2.46,1
22977,2.46,1
21293,4.13,1
22589,4.96,3
21367,4.96,1
22559,2.46,2
22565,1.63,1
22609,1.63,5
21881,1.63,1
21868,3.29,2
47567B,12.46,2
23096,3.29,1
22134,0.83,4
82552,2.46,1
11001,3.29,3
20707,2.46,1
23038,1.63,3
85178,2.46,2
22735,3.29,4
22541,0.83,1
21028,2.46,2
22129,2.46,1
85095,4.13,1
20765,7.46,1
22381,4.13,1
21063,1.63,1
23282,2.46,1
21070,2.46,3
22681,2.46,1
22311,5.79,5
21356,0.83,5
90119,2.46,9
22378,4.13,1
21147,2.46,1
22047,0.42,25
37413,0.39,12
23539,5.95,4
21723,0.85,1
37340,0.39,2
21879,0.65,2
22296,1.65,2
POST,1.0,5
23048,4.15,1
23327,0.63,4
84609,8.5,4
21683,2.95,6
23516,3.75,1
23520,3.75,1
23046,6.65,2
21820,3.75,6
22812,1.95,4
21470,3.75,1
22575,1.95,1
22349,3.75,1
22974,1.65,1
15044D,2.95,2
84884A,1.95,10
85203,0.42,24
22267,0.39,48
85131D,1.25,12
17107D,2.55,5
22050,0.42,25
22048,0.42,25
85184C,2.95,2
90214J,0.29,12
90214T,0.29,12
90214Z,0.29,12
90214M,0.29,12
90214W,0.29,12
90214V,0.29,12
90214U,0.29,12
90214B,0.29,12
90214O,0.29,12
23470,6.25,2
23423,3.75,6
23150,2.49,6
22284,1.65,12
84988,1.45,12
22285,1.65,12
21942,0.39,5
85183A,1.25,1
23050,8.25,2
16012,0.21,24
21946,0.39,5
23022,2.08,6
84987,1.45,1
84989A,0.55,1
22882,1.95,1
21215,0.55,1
22887,1.95,1
23513,2.08,2
23116,4.95,1
23460,9.95,1
20794,2.55,1
84406B,4.15,16
23529,3.75,6
21636,0.75,5
23288,0.85,8
21906,6.75,2
22497,4.25,1
22962,0.85,1
21694,2.95,6
85172,0.42,32
84360,5.95,2
47471,0.65,2
35818P,0.38,2
23566,1.25,6
23054,8.25,2
23051,8.25,2
84969,4.25,1
21467,3.75,1
23023,1.65,6
21558,2.55,1
23146,3.29,1
85020,2.1,12
17021,0.3,36
85024B,1.65,1
85025B,1.65,2
37489D,0.39,2
22538,0.19,48
22229,0.39,1
23440,2.08,1
23517,2.89,1
23226,1.25,4
17084R,0.21,72
84859C,1.95,1
22537,0.42,1
22152,0.42,24
22933,2.95,1
22523,0.85,12
22963,0.85,12
23373,0.82,10
23436,1.25,12
21270,12.75,1
23409,3.75,6
84558A,2.95,1
21306,0.29,1
85023B,2.55,1
23177,2.25,1
21369,1.25,12
21368,0.75,12
23086,1.25,16
23303,1.95,12
23492,8.25,4
21201,2.55,12
23039,1.95,6
22911,2.95,6
22332,1.65,8
22089,2.95,6
21500,0.42,25
22026,0.42,12
22693,1.25,24
23484,2.89,8
22223,4.95,3
84581,3.75,2
85183B,1.25,12
22230,0.29,2
21311,0.29,2
22649,4.95,1
85159A,1.95,1
23164,4.95,4
22817,0.42,24
84968A,12.75,1
47420,0.19,1
20766,3.75,2
21615,3.75,1
84192,1.25,3
21279,2.55,1
23422,2.08,2
21400,0.12,5
21849,4.95,3
23130,4.15,7
21060,0.85,2
21061,0.85,2
21058,0.85,2
21888,3.75,1
16054,0.12,36
21114,1.25,10
21389,0.85,12
47578A,0.85,10
90201B,2.95,6
20654,1.25,1
21056,8.95,1
23433,0.83,4
20655,1.25,1
47566B,4.95,1
10120,0.21,6
21682,4.95,1
23069,6.25,2
23102,0.83,2
23070,4.15,2
23152,3.75,2
21624,5.95,1
23421,2.08,1
23514,2.08,1
23420,2.08,1
23456,4.15,1
21386,0.19,4
23306,1.45,1
20751,2.1,1
85194S,0.19,5
90040C,3.5,1
90198B,4.25,2
21937,2.95,2
90180B,9.95,1
84711A,9.95,1
23402,3.75,1
46000U,1.25,10
35598D,0.65,48
35599B,1.95,72
35599D,2.95,40
20893,2.1,59
22902,2.1,12
22120,9.95,2
22148,1.95,12
22416,1.45,6
22358,2.95,3
22978,3.75,2
21884,0.65,12
85094,0.19,2
17191A,3.75,2
21376,1.25,2
21375,1.25,1
23411,4.95,6
22676,1.25,20
23471,9.95,2
22677,1.25,10
15036,0.83,24
16161U,0.42,25
90184B,8.95,2
90125B,2.1,6
90116,1.69,12
90085,0.85,12
90164A,1.95,6
79190D,0.42,15
47599A,2.1,12
47599B,2.1,12
22340,0.39,12
22605,12.75,4
23518,2.89,6
21205,2.55,1
84796A,12.75,2
21125,1.25,1
23567,1.25,2
23285,0.85,1
17012A,0.85,5
23052,8.25,2
72133,1.25,6
47590A,5.45,3
22535,0.42,24
84924A,3.75,1
22946,8.0,2
84922,4.25,1
37475,9.95,1
22043,0.42,24
84913B,4.65,4
22781,7.65,1
21577,2.25,6
21062,0.85,12
20795,2.1,6
21789,0.85,24
22318,2.95,1
22337,0.65,4
79403,0.85,1
85230G,0.29,24
71050,0.35,6
85230A,0.29,24
22903,1.25,6
22685,1.19,10
22683,1.19,10
22680,1.19,20
22684,1.19,10
21804,3.75,4
23093,2.49,16
37447,1.49,12
46776C,4.95,2
46776F,4.95,4
22399,1.25,12
22772,1.25,12
23025,2.08,12
23027,2.08,12
22707,0.42,25
16156L,0.42,25
21197,1.65,12
16169M,0.42,25
21380,2.95,6
21207,1.65,12
21126,1.25,12
21199,1.65,12
22479,1.25,3
47422,0.42,1
22886,1.95,1
21927,1.25,10
84510C,1.25,1
85114A,1.65,8
84849D,1.69,2
23073,12.5,1
23218,1.25,4
71270,1.25,1
23042,6.65,4
22821,0.65,12
22831,2.95,12
23528,3.75,3
23049,8.25,4
21464,4.25,1
90058B,0.38,36
23478,1.25,12
22106,6.75,2
23044,4.15,1
47585A,3.75,4
82616B,1.25,3
21465,3.75,6
21677,0.85,6
84926A,0.29,24
22526,12.75,1
23181,7.5,8
22286,0.39,1
22287,0.39,1
21382,0.75,3
21066,1.25,1
35971,1.25,2
35923,0.39,24
22820,0.65,12
23431,0.83,12
72802A,3.81,18
22147,1.45,33
21354,1.05,24
21374,1.25,36
84279P,3.75,4
23549,0.42,25
22913,4.95,3
84712B,7.95,2
47341B,1.25,4
85185B,2.95,2
22260,0.85,10
23414,9.95,1
20775,1.65,3
84882,3.75,2
21402,0.12,24
20777,1.65,3
35646,1.25,4
35598B,0.65,24
85159B,1.95,24
21503,0.42,25
35819B,0.38,26
23476,1.25,12
23477,1.25,12
21580,2.25,12
84592,2.95,6
90164B,1.95,1
84876B,1.25,1
84877B,1.25,1
17012B,0.85,1
16254,0.85,1
35810B,0.83,1
85169B,1.25,2
21747,1.25,1
23541,8.25,2
84086C,2.95,24
84931B,2.55,12
21972,1.45,24
22884,1.95,2
21026,1.25,10
21032,1.25,10
22243,1.65,1
20819,3.75,2
22251,1.25,3
22759,1.65,2
23692,0.42,25
21426,2.1,6
21695,2.95,6
21688,2.95,6
21676,0.85,12
23448,1.65,12
84931A,2.55,6
22843,6.75,2
22514,2.1,2
84912B,3.75,1
85170C,2.1,7
85170B,2.1,1
22104,1.45,1
47481,0.85,5
71406C,0.42,6
22572,0.85,6
22947,7.95,5
21821,3.39,6
22869,1.95,1
23045,4.15,1
22842,6.75,1
21528,6.95,1
22832,10.75,1
21106,2.55,24
21107,2.55,24
21773,1.25,1
21775,1.25,1
21774,1.25,1
22181,0.85,4
22325,4.95,3
85202,0.42,7
22265,0.65,4
23149,2.49,3
21468,3.75,1
84875B,1.25,1
23157,1.85,115
22949,1.45,1
47518F,0.12,2
85169D,1.25,12
23299,3.75,2
21129,5.95,8
90206C,4.95,1
90190C,2.95,1
90130B,2.95,1
90186B,2.95,1
21841,4.25,1
90013C,3.75,1
90145,5.95,1
85208,2.1,1
90196A,12.75,1
72225C,0.29,24
23161,1.25,12
21746,1.25,12
84228,0.42,12
47369B,5.79,1
21372,5.79,1
22263,1.63,2
21422,1.63,3
85039C,1.63,1
22317,5.79,2
21025,2.46,2
22579,1.63,2
21793,7.46,3
84559A,1.63,1
85054,5.79,1
20619,4.13,1
22717,0.42,12
22450,3.35,5
23159,2.08,6
22102,1.65,6
21288,2.95,1
21291,0.85,16
22427,5.45,12
72232,0.19,12
79151B,0.42,10
78124,1.25,14
37462E,0.19,12
22912,4.95,2
75011,0.79,1
15034,0.14,12
90030A,1.0,6
79144B,0.42,6
72369A,1.25,4
85106,2.55,2
72800D,2.55,1
20617,2.1,2
21882,0.65,12
21211,1.45,12
22477,1.25,50
22249,0.85,3
21722,0.85,1
21719,0.85,1
23568,1.25,4
20748,12.75,1
46776E,4.95,2
22342,0.75,24
22164,2.95,24
84748,3.75,1
47503A,0.42,2
21845,0.79,36
16046,0.85,1
21973,1.45,1
20622,2.1,1
85175,0.42,16
21708,4.95,1
71038,5.45,1
20802,1.65,12
20711,2.08,10
84508B,2.55,2
21644,1.25,5
84247N,2.95,1
79063D,0.19,1
81952V,0.19,4
90014C,2.95,1
90019C,4.95,1
23325,1.65,3
23324,2.08,3
90147,9.95,2
90082D,6.35,1
90151,8.5,2
90023,4.25,2
72130,0.65,3
90016B,8.5,1
90206A,4.95,1
72128,0.85,1
20752,2.1,2
23125,1.25,3
20669,1.25,2
85035C,1.25,1
22825,7.95,1
72132,1.95,1
35637C,1.95,2
35637A,1.95,2
22702,2.1,2
23142,10.4,1
44089A,0.42,8
51008,3.45,3
21200,1.65,2
21289,1.25,4
22715,0.42,6
16162M,0.42,2
85187,1.65,4
21192,1.65,4
84706F,2.95,2
21814,1.45,4
21816,1.45,1
20757,0.85,33
21647,2.1,1
22516,2.1,2
84842,3.75,1
20770,2.55,1
22637,2.55,1
85125,4.95,1
23032,1.65,3
22258,1.25,1
22247,0.85,2
22292,1.45,1
22291,1.45,1
21000,4.25,1
84550,1.65,1
23160,1.25,6
23087,1.25,16
23397,9.95,1
21709,4.95,1
21581,2.25,6
21251,2.95,6
23410,8.15,2
21190,1.65,3
72799F,2.95,2
22611,4.95,2
84201B,0.19,1
84206A,0.19,6
20847,3.75,1
84206C,0.19,3
21710,4.95,1
21678,0.85,6
84859B,1.95,1
90098,2.55,1
84859A,1.95,1
84527,1.95,1
84509C,3.75,2
20780,5.49,1
21226,1.25,5
72131,1.95,4
16048,0.12,24
21110,6.75,1
22032,0.42,12
90031,1.0,6
90030C,1.0,6
22271,2.95,18
71510,0.85,1
22051,0.42,25
85088,2.1,36
84849A,1.69,2
35833P,1.25,9
84673A,0.65,2
23015,8.25,2
17174,0.42,5
35443,0.85,3
23465,8.25,4
22954,1.25,1
21112,2.95,1
90011A,2.95,1
21711,4.95,1
90130A,2.95,1
85135A,7.95,1
20760,0.85,3
22888,1.95,1
23183,3.75,1
22321,0.85,12
21744,2.95,1
84929,0.19,12
47594A,1.95,1
22885,1.95,1
22778,3.95,3
85127,4.95,5
71495B,0.36,48
71495A,0.36,48
23047,5.75,2
23043,6.25,2
35598C,2.95,1
20836,0.83,6
22449,3.35,1
17090A,1.25,9
22246,1.95,12
20838,0.85,12
22236,12.75,2
20821,4.95,2
23468,8.25,2
82011B,2.95,10
82011C,2.95,10
85163B,10.95,3
23486,14.55,10
22762,12.75,2
72807A,3.81,56
72807B,3.81,60
72807C,3.81,60
85163A,10.95,2
72127,1.25,3
35400,8.95,1
21696,2.95,8
21041,2.95,1
90211A,5.95,1
90155,7.5,1
22125,5.95,4
21471,3.75,1
21117,1.25,1
85036C,1.25,1
23056,12.46,1
16216,0.42,3
90049,9.96,1
21830,0.83,1
72817,1.63,7
21206,1.65,2
21014,0.29,8
21815,1.45,3
15058A,7.95,2
21811,0.39,1
23348,2.08,1
20698,2.55,2
20697,2.55,2
21556,2.55,2
84968C,12.75,1
84801A,2.1,10
22354,3.75,2
90103,2.55,2
22241,1.25,12
22839,12.75,8
47586A,2.55,6
85034A,1.25,24
22270,3.75,4
23297,1.65,1
35924,2.1,3
85194L,0.85,11
23519,3.75,6
22162,2.95,1
23138,1.45,2
20756,0.85,3
21269,8.5,1
79161A,2.95,1
84522,1.95,1
22288,1.25,1
40005B,0.85,4
85024C,1.65,1
21896,2.1,1
37370,1.65,1
22892,1.25,6
21407,4.25,1
22289,1.25,1
22293,1.45,1
72586,0.42,1
10080,0.39,26
23017,12.5,2
21626,1.95,12
22689,8.0,30
21562,1.25,12
71101E,0.85,12
23094,12.5,1
21030,1.25,3
21027,1.25,4
21391,0.75,1
37489B,0.39,1
21802,0.42,1
37489A,0.39,1
84659A,2.55,6
21633,12.75,3
35598A,2.95,3
20754,2.1,3
84663A,0.79,7
35638B,1.95,1
35638A,1.95,1
35591T,1.25,1
84206B,0.19,5
21096,0.39,4
22856,1.25,20
82613C,1.25,8
21617,1.25,22
23268,1.45,2
20837,0.83,12
22339,0.19,16
22860,1.65,6
15060B,2.95,18
22570,3.39,40
90188,2.55,1
90154,8.95,1
90189A,7.5,1
90026D,8.5,1
85216,0.65,1
18097C,2.55,1
22128,1.25,12
21250,2.95,12
16015,0.5,10
90019A,4.95,2
90175C,8.95,2
85036B,1.25,3
20695,4.25,1
85089,2.95,1
21851,4.95,1
21725,0.85,1
90160D,6.95,10
21631,12.75,1
90133,4.95,5
90198A,4.25,10
90120B,4.25,10
90120C,4.25,10
90157,4.95,5
90160C,6.95,10
90158,4.95,5
85135B,7.95,1
84508C,2.55,3
15058B,7.95,1
21749,2.1,7
22904,2.95,8
20894,2.95,4
21202,1.65,12
22040,0.42,25
20935,2.95,1
21331,12.75,1
23018,12.5,1
22248,0.85,16
21145,1.25,10
71403,2.95,1
23057,4.95,1
21031,1.25,10
21741,2.95,1
22454,2.95,4
22838,12.75,48
21758,5.95,8
84744,1.25,1
23449,1.25,12
21352,2.95,1
22652,1.65,1
20670,2.95,2
22859,1.65,12
72801G,1.25,6
21992,1.25,1
84341B,0.38,4
84497,3.75,1
21648,1.25,48
21643,1.06,72
22889,2.1,2
22881,1.95,2
22880,1.95,2
21824,0.39,1
21823,0.39,1
90067A,2.95,6
21618,1.25,1
84617,12.75,1
84952B,7.46,1
85131C,0.83,4
90166,4.15,1
84952A,7.46,1
84915,4.13,1
20901,6.35,1
47369A,2.95,1
23024,2.49,36
22968,8.5,24
21054,8.95,3
90058A,0.38,72
84687,5.95,1
72709,0.85,4
85160B,0.39,6
90096,2.55,5
82011A,3.75,2
35819P,0.38,4
46138B,0.85,2
21413,1.25,4
23140,4.15,1
22548,1.25,1
23472,12.5,6
22183,6.75,1
21394,0.39,6
90012B,2.95,6
84968F,12.75,1
23702,1.5,2
23664,1.65,1
22829,9.95,1
90013A,3.75,4
84569D,1.25,1
21943,0.85,1
79030D,0.39,12
22149,1.85,28
23091,6.25,1
90101,2.55,2
22412,2.1,4
22268,0.19,2
20835,0.83,12
90184C,8.95,1
90184A,8.95,1
35651,1.65,2
90210D,1.0,10
85230F,0.29,24
17129F,1.63,1
85129C,2.46,1
35649,2.46,1
37327,0.39,16
20796,1.65,4
17084P,0.21,25
22322,0.85,2
21281,2.55,3
21280,2.55,6
47504K,0.79,4
21817,0.39,16
21458,1.25,12
21457,1.25,12
84457,0.85,12
90204,3.35,1
90065B,6.75,1
90160B,6.95,1
90196B,12.75,1
90195B,2.95,1
90159,4.95,1
90050,6.95,3
90026C,8.5,2
90162B,2.95,6
90199C,6.35,2
90014A,2.95,6
90163A,7.5,2
90000A,5.95,2
46776A,4.95,2
90070,5.95,3
84665,5.95,4
22665,2.95,1
22053,1.25,1
37479P,0.39,4
84984B,4.65,6
84984A,4.65,6
84984D,4.65,6
47594B,1.95,1
40001,0.85,12
84795B,7.95,2
35954,0.19,10
84913A,4.65,1
21001,5.95,1
90018A,4.25,2
79164,0.39,18
22044,0.19,24
22687,8.25,1
90162A,2.95,6
90059C,1.65,1
90059F,1.65,1
90059E,1.65,1
90003D,3.75,1
90059B,1.65,1
90170,1.65,1
90208,2.55,1
71279,2.95,4
22950,1.45,12
20657,1.25,4
16207A,2.95,1
21555,2.55,6
23055,6.25,1
22501,9.95,12
35972,1.25,4
20886,1.95,1
20848,2.95,3
85124B,2.55,2
10124G,0.42,4
10124A,0.42,4
47351B,2.95,4
21578,2.25,1
35933,0.38,9
35913B,0.85,1
35910B,1.95,1
72803A,4.25,1
84944,1.65,1
35911A,0.85,2
20696,3.75,2
20934,5.45,2
72802C,4.25,6
84465,2.95,1
84231,0.65,1
90209A,2.1,40
84766,5.95,2
79157V,0.85,2
85093,0.39,20
23187,0.29,4
21395,0.39,2
21586,2.1,96
23064,10.0,100
90179A,5.95,2
90176A,7.5,2
79406,0.22,24
90069,7.5,2
90199B,6.35,2
90199A,6.35,2
90211B,5.95,2
90063A,8.5,2
90176D,7.5,2
90191,2.95,6
90176B,7.5,2
90181A,8.95,1
90063B,8.5,2
90205A,1.65,2
72802B,4.25,1
21847,4.95,1
85017B,0.42,1
71496A,0.53,1
71496B,0.53,1
22870,1.95,1
84559B,0.85,1
23028,1.65,2
85045,4.95,2
21349,6.75,1
47016,2.1,2
21539,4.95,1
35818B,0.38,1
35968,0.2,13
21520,0.42,12
84974,9.95,1
84050,1.25,46
21807,0.42,25
20661,5.79,1
72818,1.63,3
84249A,0.83,3
85078,1.63,6
20694,3.75,4
22136,1.65,1
22176,2.95,5
90162C,2.95,1
90162D,2.95,1
84459A,1.49,2
84818,0.79,1
85131A,1.25,3
16248B,1.25,3
22848,10.0,1
72134,0.85,2
35810A,0.83,6
84870C,3.75,4
90124A,9.95,1
21801,0.42,3
22257,1.25,6
35912B,1.25,1
22925,5.95,9
85035B,1.25,1
90036C,7.95,3
21163,0.39,2
21613,2.95,2
85035A,1.25,2
22871,1.95,2
22873,1.95,1
21721,0.85,3
20702,4.25,3
90018B,4.25,1
90014B,2.95,1
90146,3.75,9
90016A,4.25,9
90032,3.13,9
47367B,3.75,2
22180,9.95,1
23072,1.5,48
23071,1.5,48
21157,2.1,3
22934,2.95,1
21424,2.95,1
21794,3.95,31
22039,0.42,25
22569,3.75,4
20662,5.79,2
22729,3.75,1
22857,0.85,12
23447,1.65,1
90142D,4.95,3
90124C,9.95,2
90180A,2.95,6
45013,2.95,1
20898,2.95,5
20903,6.35,1
85124C,2.55,1
21002,4.25,2
84507C,2.55,5
20665,2.95,5
85036A,1.25,1
90025F,3.75,1
90178A,11.95,1
90001C,4.25,1
90201A,2.95,1
37476,9.95,1
90010E,8.95,1
90036E,7.95,1
84827,0.65,1
35645,4.25,1
21738,2.95,1
84638,6.95,1
44092C,0.85,1
23065,12.5,1
21829,0.21,36
21244,1.69,4
22049,0.19,75
85186C,0.42,24
84452,0.85,12
21071,1.25,10
37468,0.39,1
90194,4.25,3
35914,0.85,2
90129D,2.95,2
84921,3.75,2
84247E,2.95,8
22103,1.65,6
21750,2.1,1
21628,12.75,4
79144C,0.37,24
21587,2.55,4
20977,1.25,16
72816,2.46,7
20663,5.79,1
90043,9.96,1
22035,0.83,1
20984,0.29,1
40046A,1.25,12
21664,3.75,3
84247K,2.95,1
21634,0.39,48
23446,1.65,1
21294,0.39,4
21448,1.65,2
72140E,0.85,6
22336,0.19,94
20998,2.55,7
22062,0.83,1
85116,0.65,3
21364,6.75,1
85211,0.79,2
21078,0.85,1
23124,1.25,1
84952C,3.75,3
90012A,2.95,6
90000D,5.95,2
23412,7.5,1
21637,1.25,1
84846A,2.1,24
37467,0.39,28
90177D,2.95,1
90064B,3.75,1
90071,1.25,1
90176E,7.5,1
90079,4.95,1
90160A,6.95,1
90025A,3.75,1
90051,6.95,1
90199D,6.35,1
90001D,4.25,1
90019B,4.95,1
90054,2.55,1
22883,1.95,1
90122C,4.95,5
47574A,0.75,2
22700,2.95,3
23066,8.25,2
18094C,1.25,3
22858,1.65,3
85032D,0.65,1
78033,5.95,2
90201C,2.95,1
90201D,2.95,1
90129E,2.95,6
21067,1.25,1
22606,12.75,4
85231G,0.85,1
84660A,0.79,15
35265,1.95,2
20830,2.1,2
78034B,1.95,1
90209C,2.1,1
90209B,2.1,1
90149,6.36,48
90152A,5.95,1
22927,5.95,2
21277,12.0,1
22957,2.95,6
22879,1.95,2
90028,8.5,2
90074,8.95,2
16169K,0.42,25
85049D,1.25,1
15044B,2.95,3
22244,1.95,1
84798A,2.55,7
84625C,0.85,47
85087,2.95,4
22105,4.25,2
44242B,0.79,20
15058C,7.95,1
20658,1.25,5
22740,0.85,89
85049F,1.25,2
35815P,0.38,30
20774,1.65,2
84877D,1.25,1
90148,12.75,1
84251B,0.19,1
90143,7.5,1
22837,4.65,4
22502,2.0,1
21363,4.95,2
90169,2.55,6
90177C,2.95,6
90003C,3.75,4
90168,2.95,6
90108,1.05,12
90018C,4.25,2
90202A,2.95,6
90177E,2.95,6
84637,5.95,3
90202C,2.95,6
90205C,1.65,4
90185A,4.25,6
90003E,3.75,4
90174,2.55,6
90185C,4.25,6
90024B,8.5,2
90072,3.75,6
90059A,1.65,6
90003B,3.75,4
90059D,1.65,6
90202D,2.95,6
90177A,2.95,6
90185B,4.25,6
90118,2.55,6
20678,1.65,4
90182C,2.95,6
90202B,2.95,6
84875D,1.25,6
44089C,0.42,2
84754,1.25,3
22770,12.75,8
84725,0.75,15
22846,11.67,40
22847,11.67,40
84912A,3.75,8
22854,4.95,2
23630,2.99,1
40016,8.29,2
23253,12.5,24
84508A,2.1,44
22875,1.95,1
23134,8.25,1
84596L,0.42,26
79163,0.39,2
21654,0.39,4
22874,1.95,1
46776D,4.95,4
21735,12.75,1
84422,0.39,17
35607B,0.19,10
37489C,0.39,6
84033,1.65,2
84016,0.42,25
90010A,8.95,2
17084A,0.21,25
17084J,0.21,25
21743,2.95,2
16162L,0.65,8
21179,0.39,25
79000,0.85,12
20773,1.65,2
21641,0.29,48
21447,1.25,3
85230E,0.29,24
84800S,1.25,6
84876D,1.25,2
DOT,13.16,1
21033,2.08,1
84660C,0.79,1
20793,6.75,1
21003,6.35,2
84507B,2.55,2
10133,0.42,20
90011B,2.95,6
90038A,3.75,6
90212C,3.75,3
35965,0.79,6
44092B,0.85,3
22760,10.95,54
90156,4.95,1
46000P,4.25,2
84870B,3.75,1
79336,0.38,6
37342,0.79,1
22987,0.42,25
47348A,0.39,9
35597D,0.38,22
84660B,0.79,86
22245,0.85,1
21784,9.95,1
20997,4.95,3
22157,0.85,6
22855,1.25,4
21609,2.95,1
22878,2.1,1
16207B,2.46,1
22480,1.25,1
85132C,1.95,3
84800M,1.69,2
84201C,0.19,5
21246,4.95,6
90001B,4.25,2
35966,0.38,15
44228,0.85,12
21143,1.95,4
90176C,7.5,2
85025C,1.65,4
44236,0.79,1
22868,1.95,1
22876,1.95,1
22872,1.95,1
35916B,0.85,6
35916C,0.85,6
35916A,0.85,6
84732B,0.39,20
84732D,0.39,9
21089,0.19,19
81950B,0.29,4
79062D,0.29,12
20845,6.35,1
35816P,0.38,30
21332,3.95,3
21662,5.95,2
35817P,0.38,12
22461,3.95,1
21359,3.95,1
22137,2.95,4
35653,2.95,4
37501,6.95,1
85214,1.65,6
85215,0.65,30
20856,1.65,10
84927A,0.39,6
84358,8.49,5
20980,1.25,1
84723,1.95,7
84993B,0.42,3
18098C,2.95,4
47343A,0.83,12
90186A,2.95,1
90036A,7.95,1
22443,7.95,2
20897,2.55,51
84796B,12.75,1
21792,3.95,1
20902,6.35,1
21188,2.55,24
84874B,1.65,10
90123B,5.95,3
90123A,5.95,3
21171,1.45,2
84847,3.75,1
90036B,7.95,1
90123C,5.95,3
90039D,3.75,2
21272,1.25,5
35650,4.95,1
84925F,0.79,4
84731,0.39,1
85213,0.29,12
84595E,1.65,12
85197,2.1,4
84924F,0.79,5
84549,1.65,1
22877,1.95,2
21187,1.65,2
81952B,0.19,18
84629,4.95,3
21720,0.85,12
84927D,0.39,5
21361,12.75,1
21445,1.25,1
20684,3.25,1
22777,7.65,109
84402B,0.79,25
84857B,1.95,24
84789,2.95,3
22033,0.42,12
81953P,0.19,20
84387A,1.95,11
22250,0.85,5
84849B,1.69,1
44091A,0.42,1
84576,1.95,7
18007,0.18,12
85103,5.95,37
21658,3.95,4
16219,0.21,12
37491B,1.65,4
37491D,1.65,2
37491C,1.65,8
84927E,0.39,2
81953B,0.19,1
90141A,4.95,3
90141C,4.95,3
90141E,4.95,3
90141D,4.95,3
90141B,4.95,3
84910A,5.95,2
84881,6.35,2
21472,3.75,1
21278,2.55,1
84247G,0.42,24
82613A,1.25,25
84466,1.25,1
81950V,0.29,2
37444A,0.39,1
21307,0.29,4
21635,1.25,4
21069,1.25,6
62074B,0.42,2
22052,0.42,21
17090D,1.25,6
84686,0.79,25
44242A,0.79,12
84584,2.55,1
84539,1.65,16
79337,0.38,1
90048,4.95,3
90046,4.95,3
22194,8.5,1
20941,1.25,5
22088,2.95,1
22482,1.25,3
75172,0.79,5
84857C,1.95,9
84548,1.65,3
84746,3.75,3
84865,2.95,2
85086A,0.85,12
71143,0.85,10
20716,1.25,4
17014A,0.42,4
72024U,0.21,24
84631,7.95,2
90129A,2.95,3
84709B,5.95,4
90065A,6.75,3
84415A,1.25,6
62086A,1.95,4
84925D,2.55,2
18097A,2.55,1
47021G,0.39,48
47013C,0.12,6
20731,1.25,1
20700,3.75,4
20701,3.75,4
85132B,1.95,3
84563B,2.95,6
84597B,1.25,12
84279B,3.75,2
21095,0.85,11
85141,3.95,4
37479B,0.39,1
22788,9.95,1
84551,1.65,1
35909B,2.95,2
90187B,3.35,4
90036D,7.95,3
90000B,5.95,2
90001A,4.25,2
90190A,2.95,6
90029,8.5,2
90190B,2.95,6
90026A,8.5,2
90177B,2.95,6
79071B,2.95,2
23003,0.42,5
77079,2.12,1
16043,0.12,74
20823,0.79,8
85019C,1.25,48
84919,6.95,2
17007B,2.1,12
84907,7.65,2
21161,1.45,2
84226,0.64,34
35809A,0.83,3
47341A,1.25,10
84415B,1.25,4
22783,12.48,74
16052,0.19,48
90102,0.85,10
17013D,0.42,12
22519,2.1,10
21870,1.25,1
85232A,4.95,1
21360,3.95,4
40003,1.25,12
90175A,8.95,1
21399,0.39,8
84800L,2.12,6
84597C,1.25,1
90144,3.75,2
79030G,0.39,24
47344B,0.83,10
21043,1.95,2
20667,2.95,1
85016,0.65,9
21614,2.95,3
84691,0.72,80
84763,1.25,2
17096,0.21,24
71215,0.42,10
90125D,2.1,1
90125E,2.1,1
90125A,2.1,1
90125C,2.1,1
21904,2.1,2
85185D,2.95,1
20801,0.79,4
90041,3.5,2
90124B,9.95,2
16151A,1.25,43
21421,1.25,4
85132A,1.95,1
47589,5.45,9
22524,1.25,7
85130A,1.65,24
22060,3.95,4
62097B,0.83,2
84906,1.95,3
84596J,0.42,13
16218,0.16,5
84809A,2.1,18
22272,2.95,1
84685,3.75,4
84706D,1.95,2
21336,2.95,6
84313C,1.95,6
16259,0.21,108
90173,3.75,4
17011F,0.65,24
62043B,0.83,2
85198,0.85,12
79026B,0.39,1
47574B,4.25,3
37471,0.85,12
17091A,0.38,6
20826,0.39,12
46126A,1.25,10
21195,1.69,48
20966,1.25,1
22849,11.63,32
22520,0.85,12
84563A,2.95,6
22518,2.1,1
20967,3.75,16
21527,7.95,1
90035C,10.75,2
22451,3.35,3
85017C,0.42,6
84760S,1.45,2
84688,4.25,1
90039B,3.75,6
90039A,3.75,6
16244B,1.95,3
90064A,3.75,2
90122A,4.95,1
22926,5.95,2
90002D,3.75,1
90033,2.55,2
84535A,0.65,3
84990,0.55,1
22353,2.55,1
82599,2.1,1
90076,2.55,6
22618,9.95,1
20964,2.55,2
21318,0.39,6
22202,3.75,1
16049,0.42,36
21038,0.79,1
20818,1.25,10
22073,3.75,4
84689,2.0,2
84916,4.95,8
84917,5.95,28
35241,4.25,1
85144,1.95,65
84683,0.65,48
84705C,1.25,12
37333,1.95,1
20803,0.39,6
22521,0.85,3
20816,1.95,6
85145,3.95,4
22719,1.25,16
20851,5.95,1
85006,0.85,10
84741C,1.95,6
90185D,4.25,6
90021,11.95,1
84745A,0.42,6
84745B,0.42,6
21898,3.15,60
22459,2.1,64
21897,2.55,60
51020A,0.29,96
51020B,0.29,8
20778,1.65,2
35909A,2.95,1
22259,1.25,1
90135,4.95,6
90136,9.95,2
90163B,7.5,2
90138,4.95,4
21656,1.45,6
20827,0.39,16
17109D,0.38,16
85188A,0.85,1
84461,2.55,6
21398,0.39,3
35921,1.25,2
22861,1.65,1
21397,0.39,2
85027L,1.95,12
84388,0.39,10
84575A,1.95,10
21087,0.19,27
16202B,0.5,24
84666,3.95,6
84750B,0.39,6
47013A,0.12,5
22525,1.25,1
21459,1.95,4
85205B,2.55,3
85200,1.25,2
10002,0.85,1
21324,2.95,1
16202E,0.5,2
16202A,0.5,4
35920,1.25,2
84905,4.95,8
85186A,0.42,7
84462,1.25,1
20703,4.25,1
90042A,2.55,2
90035A,10.75,3
22444,1.25,24
85031A,1.25,3
84715,2.95,4
72051S,0.42,6
37487B,0.29,60
37488A,0.39,22
22256,1.25,4
37482P,0.39,6
84531A,0.39,3
84531B,0.39,19
84858C,5.95,1
84247L,0.42,12
22168,8.5,1
35809B,2.1,1
90175D,8.95,1
90062,12.75,1
90123D,5.95,2
79329,0.38,6
85008,1.5,1
21319,0.39,4
21316,0.79,6
85040B,1.65,1
90010B,8.95,2
90024D,8.5,1
20666,2.95,1
85028S,1.95,2
85028L,1.95,5
85030,1.95,4
35922,4.95,2
84751B,0.79,2
85167B,1.25,7
16020C,0.85,4
84459B,1.49,1
17136A,0.21,5
85146,1.95,2
21320,0.79,11
79331,0.38,8
22264,0.85,2
84801B,2.1,12
84877A,1.25,12
21736,0.39,18
84968B,12.75,1
35915C,1.65,6
21333,2.95,4
21518,0.36,72
75131,1.69,1
84251C,0.19,12
20906,2.95,2
85017A,0.85,2
84596E,0.42,84
21781,12.75,7
84313B,1.95,26
90026B,8.5,1
10123C,0.65,1
84743C,1.25,1
84218,1.95,1
82095,7.65,2
16045,0.12,100
21827,1.25,1
47593A,0.29,1
47570B,8.49,27
35915B,1.65,6
16010,0.12,6
35910A,1.95,6
21357,1.25,1
37444C,0.39,1
37444B,2.95,1
21393,0.39,6
21839,5.45,1
85188B,0.85,2
84569C,1.25,1
84840,8.5,1
84898F,2.1,2
85224,2.1,3
22127,1.25,6
90131,6.95,4
90036F,7.95,4
21461,1.95,1
21460,1.95,1
84678,2.55,6
21416,3.75,1
84798B,2.55,1
21547,2.95,2
37330,0.39,6
21717,2.55,6
77101A,1.25,19
22021,1.65,1
37351,0.39,4
84750A,1.95,24
84803B,1.69,5
37423,0.39,24
82605,2.1,1
21392,0.39,4
85189,0.85,2
85195,2.1,2
21826,1.25,6
85206A,1.65,1
21040,0.79,5
84227,0.42,1
35647,1.25,1
20681,3.25,1
37343,0.39,10
84306,10.95,1
21228,1.25,4
84593,2.95,2
62096B,1.25,2
35004C,5.45,1
21911,1.65,2
90038C,3.75,6
90038B,3.75,6
90040A,3.5,3
22458,2.55,2
90084,0.85,1
46115B,0.19,6
90183C,2.95,1
90040B,3.5,1
84520B,0.85,2
20820,4.95,2
84985A,1.45,1
84799,1.25,6
84802B,1.69,4
84569B,1.25,12
17001,0.29,72
21100,1.65,3
21692,3.75,2
84809B,2.1,18
22503,12.75,12
22504,12.75,12
22782,9.95,32
62096A,1.25,46
90100,2.55,1
21414,2.1,1
21681,9.95,1
21661,5.95,1
21651,1.65,6
22198,1.65,2
90024C,8.5,2
90024F,8.5,2
85092,1.25,24
84562A,7.95,1
21657,6.95,1
20854,1.65,3
22351,1.65,12
20857,1.65,1
21757,4.95,2
21910,1.65,12
35911B,2.1,2
22242,1.65,1
90152C,5.95,1
90055,2.55,1
85232B,4.95,6
79323B,6.75,8
21655,1.69,24
44265,4.25,2
72821,1.65,3
90200C,4.25,2
90039C,3.75,1
90122B,4.95,1
90120D,4.25,1
84823,7.95,1
84598,0.21,96
84568,0.21,96
90037B,2.55,6
72798C,1.65,4
84613A,4.65,2
79192A,1.25,2
84795C,7.95,2
17028J,0.42,6
21690,3.75,2
85047,6.35,2
85064,5.45,1
62094B,2.55,6
22184,8.5,2
17164B,0.42,1
85049B,1.25,2
72815,3.75,2
16206B,1.25,5
22415,7.95,1
21348,2.55,112
22862,4.25,4
20798,2.1,2
22146,1.95,1
90197B,4.95,3
47591B,1.65,8
85206B,1.65,8
21836,3.75,2
84534B,0.85,1
37379A,1.25,6
85055,2.95,20
84675,2.95,4
75013B,1.65,6
22830,10.0,2
85018D,2.55,1
90210A,2.95,2
85118,1.25,36
17165D,1.05,1
22323,1.95,1
79323P,6.75,4
21785,0.85,1
21632,3.95,12
84499,0.85,6
90165B,2.55,1
20664,2.95,3
90104,0.85,1
79067,3.75,8
90027D,2.95,4
90027A,2.95,4
85109,0.85,12
84802A,1.69,2
16169P,0.42,25
90178B,11.95,1
37464,1.25,2
85031B,4.95,1
35957,0.19,96
35607A,0.19,24
20910,6.35,2
85031C,4.95,3
35001W,2.0,6
22218,4.25,1
17012E,0.5,24
84620,5.95,2
90060D,5.95,1
90060B,5.95,1
35610A,1.25,8
85084,0.85,2
85136B,7.95,1
21018,0.85,1
90078,7.5,2
35610C,1.25,24
35610B,1.25,24
35004P,5.45,1
20861,2.1,1
35958,0.85,2
21538,3.75,1
20671,1.25,8
21011,1.45,16
20892,12.75,1
84975,1.69,2
22145,2.1,30
84613C,4.65,1
90212B,3.75,3
22765,9.89,23
85170A,2.1,1
90179C,5.95,1
35597B,1.25,1
35597A,1.25,1
16169N,0.42,25
37509,2.55,1
20878,1.25,5
37461,1.25,1
84773,2.95,3
22034,0.42,3
47579,2.1,1
21486,3.75,2
90167,0.85,10
84614A,5.95,2
90128B,1.25,1
90152B,5.95,1
47503J,7.95,1
16161M,0.42,25
22275,7.65,69
21268,0.42,2
35271S,0.19,5
21488,3.95,1
21777,7.95,1
82615,2.55,36
21895,4.25,1
84854,4.95,5
